,Unnamed: 0,name,created_at,description,followers_count,id,screen_name,favourites_count,entities,friends_count,location,url,verified,kol_count
18119,18119,LobisHQ,2021-11-12 20:25:29+00:00,"When the richest users hold all the power, these protocols do not belong to the people. Lobis is here to change that.

üåê  https://t.co/I27yhn3FCu
üëæ https://t.co/PoOWDGuCa2",6060,1459255972568969221,LobisHQ,290,"{'url': {'urls': [{'url': 'https://t.co/qKaN3QuUll', 'expanded_url': 'https://mirror.xyz/0x05Ce51f0B583D3666222f5803C51b1De8D4B35C2', 'display_url': 'mirror.xyz/0x05Ce51f0B583‚Ä¶', 'indices': [0, 23]}]}, 'description': {'urls': [{'url': 'https://t.co/I27yhn3FCu', 'expanded_url': 'http://lobis.finance', 'display_url': 'lobis.finance', 'indices': [122, 145]}, {'url': 'https://t.co/PoOWDGuCa2', 'expanded_url': 'http://discord.gg/lobishq', 'display_url': 'discord.gg/lobishq', 'indices': [148, 171]}]}}",5,( ||| : ||| ) ,https://t.co/qKaN3QuUll,False,7.0
6325,6325,Utopia Labs (We're Hiring!) ‚õ©,2021-09-14 01:27:14+00:00,"Meet Utopia (‚õ©,‚õ©) - the modern system for managing payments, accounting, reporting and more for your DAO, built right on top of Gnosis.",4186,1437588677639692291,utopialabs_,0,"{'url': {'urls': [{'url': 'https://t.co/2z8NJ1ePQk', 'expanded_url': 'https://www.utopialabs.com/', 'display_url': 'utopialabs.com', 'indices': [0, 23]}]}, 'description': {'urls': []}}",12,"San Francisco, CA",https://t.co/2z8NJ1ePQk,False,7.0
348,348,0xVentures DAO,2021-07-13 14:45:00+00:00,We are a DAO that functions as a Fund with the sole purpose of investing in sector-disrupting projects. Collectively owned and managed by our members.,5209,1414958951590989834,0x_Ventures,921,"{'url': {'urls': [{'url': 'https://t.co/GRkuyDycy6', 'expanded_url': 'https://0xventures.org/', 'display_url': '0xventures.org', 'indices': [0, 23]}]}, 'description': {'urls': []}}",139,Mars,https://t.co/GRkuyDycy6,False,5.0
9424,9424,Aelin üëæ,2021-06-28 12:27:54+00:00,A deal coordination protocol built on Optimism | discord: https://t.co/5DFbsXWiV3 | website: https://t.co/z1E6XiezLt,6207,1409488511632232450,aelinprotocol,3,"{'description': {'urls': [{'url': 'https://t.co/5DFbsXWiV3', 'expanded_url': 'https://discord.gg/YHffnV9sUM', 'display_url': 'discord.gg/YHffnV9sUM', 'indices': [58, 81]}, {'url': 'https://t.co/z1E6XiezLt', 'expanded_url': 'http://Aelin.xyz', 'display_url': 'Aelin.xyz', 'indices': [93, 116]}]}}",8,Ethereum,,False,5.0
18676,18676,Alkimiya,2021-06-01 16:02:48+00:00,A permissionless open-sourced protocol building consensus capital markets.,1110,1399758260354359301,alkimiya_io,11,"{'url': {'urls': [{'url': 'https://t.co/hQOZKGgRpg', 'expanded_url': 'http://alkimiya.io', 'display_url': 'alkimiya.io', 'indices': [0, 23]}]}, 'description': {'urls': []}}",2,Arrakeen,https://t.co/hQOZKGgRpg,False,5.0
9630,9630,Paragons üíé $PDT (No Token Out),2021-08-17 04:15:22+00:00,"We like the cards üíé Building Paragons DAO üíé $PDT paragons.eth

https://t.co/b6fp8YtaUr",5065,1427483982296502273,ParagonsDAO,614,"{'url': {'urls': [{'url': 'https://t.co/g5TcaAcBsV', 'expanded_url': 'https://paragonsdao.com/', 'display_url': 'paragonsdao.com', 'indices': [0, 23]}]}, 'description': {'urls': [{'url': 'https://t.co/b6fp8YtaUr', 'expanded_url': 'http://discord.gg/pdao', 'display_url': 'discord.gg/pdao', 'indices': [63, 86]}]}}",57,Metaverse,https://t.co/g5TcaAcBsV,False,5.0
15592,15592,Blizz Finance,2021-11-05 11:12:02+00:00,"Blizz Finance is a decentralized, non-custodial liquidity market protocol operating on Avalanche. üî∫üî∫ $BLZZ https://t.co/9S1x0GXFsJ",8082,1456579909715890180,BlizzFinance,19,"{'url': {'urls': [{'url': 'https://t.co/IFrtkIvddh', 'expanded_url': 'https://blizz.finance/', 'display_url': 'blizz.finance', 'indices': [0, 23]}]}, 'description': {'urls': [{'url': 'https://t.co/9S1x0GXFsJ', 'expanded_url': 'https://discord.com/invite/aFtXkSWn5h', 'display_url': 'discord.com/invite/aFtXkSW‚Ä¶', 'indices': [107, 130]}]}}",2,,https://t.co/IFrtkIvddh,False,4.0
344,344,"DiamondDAO (‚óà, ‚óà)",2021-11-13 15:09:15+00:00,"Diamond DAO ‚óà is an ecosystem of protocols designed to collect the most valuable assets in DeFi.

https://t.co/3QulZVzQLr",2179,1459538813290745864,DAOofDiamonds,52,"{'url': {'urls': [{'url': 'https://t.co/0kAWA4R3sZ', 'expanded_url': 'https://www.daoofdiamonds.com/', 'display_url': 'daoofdiamonds.com', 'indices': [0, 23]}]}, 'description': {'urls': [{'url': 'https://t.co/3QulZVzQLr', 'expanded_url': 'https://discord.gg/QCRZrZfXRa', 'display_url': 'discord.gg/QCRZrZfXRa', 'indices': [98, 121]}]}}",75,DiamondIslandüå¥,https://t.co/0kAWA4R3sZ,False,4.0
4805,4805,Mean Finance,2021-07-19 22:32:40+00:00,"The state-of-the-art DCA protocol.

Our protocol enables users to Dollar Cost Average (DCA) any ERC20 into any ERC20 with their preferred period frequency.",3616,1417219934116106242,mean_fi,232,"{'url': {'urls': [{'url': 'https://t.co/BBzetggQc0', 'expanded_url': 'https://mean.finance/', 'display_url': 'mean.finance', 'indices': [0, 23]}]}, 'description': {'urls': []}}",1,,https://t.co/BBzetggQc0,False,4.0
12903,12903,Umami Finance,2021-11-01 11:30:53+00:00,The premier market-maker and liquidity network natively built on Arbitrum. Part of @arbis_finance. Discord https://t.co/YGzV0pveY0,4476,1455135186816053253,UmamiFinance,120,"{'url': {'urls': [{'url': 'https://t.co/w0ZgqMgCnL', 'expanded_url': 'https://umami.finance/', 'display_url': 'umami.finance', 'indices': [0, 23]}]}, 'description': {'urls': [{'url': 'https://t.co/YGzV0pveY0', 'expanded_url': 'http://discord.gg/arbis', 'display_url': 'discord.gg/arbis', 'indices': [107, 130]}]}}",11,,https://t.co/w0ZgqMgCnL,False,4.0
9237,9237,0x7d54,2021-06-16 01:47:28+00:00,"Decentralized finance (DeFi) analysis, DeFi-NFTs, & 1/1 art collector. @WorldofWomenNFT Curator for the WoW Fund. Pfp: @YKarkai. Header: @DrifterShoots.",9758,1404978881388556291,0x7d54,1943,{'description': {'urls': []}},511,,,False,4.0
3197,3197,Buji DAO,2021-10-22 09:00:49+00:00,"A community DAO by the Degen, for the Degen

DM @RaccoonChan for business cooperation",1569,1451473471997812747,buji_dao,7,"{'url': {'urls': [{'url': 'https://t.co/YcaYEC7Gjf', 'expanded_url': 'https://discord.gg/bujidao', 'display_url': 'discord.gg/bujidao', 'indices': [0, 23]}]}, 'description': {'urls': []}}",107,DAO,https://t.co/YcaYEC7Gjf,False,3.0
2736,2736,devloper.eth (afk ‚Äòtil 01/03),2021-08-16 10:48:53+00:00,noun13 @nounsdao‚éÆJoin the https://t.co/RhWh0YF9Gv‚éÆhttps://t.co/IOGUinDdqD | https://t.co/BmKcXHQYn7,2267,1427220791951822848,devloper_eth,701,"{'description': {'urls': [{'url': 'https://t.co/RhWh0YF9Gv', 'expanded_url': 'http://nouns.party', 'display_url': 'nouns.party', 'indices': [26, 49]}, {'url': 'https://t.co/IOGUinDdqD', 'expanded_url': 'http://mirrornewsletter.xyz', 'display_url': 'mirrornewsletter.xyz', 'indices': [50, 73]}, {'url': 'https://t.co/BmKcXHQYn7', 'expanded_url': 'http://artblocks5.xyz', 'display_url': 'artblocks5.xyz', 'indices': [76, 99]}]}}",607,nyc,,False,3.0
3208,3208,Olympus Growth,2021-09-28 20:59:59+00:00,"Official community engagement channel of @Olympusdao Building the decentral reserve currency $OHM #OHMISBACKED
-üì©DM for collaborations.
-üì¢Follow for updates",9306,1442957245592088576,OlympusGrowth,117,"{'url': {'urls': [{'url': 'https://t.co/TJ6tt47jxP', 'expanded_url': 'https://linktr.ee/olympusdao', 'display_url': 'linktr.ee/olympusdao', 'indices': [0, 23]}]}, 'description': {'urls': []}}",0,"(3, 3)",https://t.co/TJ6tt47jxP,False,3.0
3613,3613,"Tribeca ‚ôú Governance by DAOs, for DAOs",2021-08-22 01:31:14+00:00,"Tribeca is a Solana-based governance platform built by DAOs, for DAOs.

Discord: https://t.co/fF6pvCiEEy",1876,1429254092854075392,TribecaDAO,49,"{'url': {'urls': [{'url': 'https://t.co/AghxycW5ys', 'expanded_url': 'http://tribeca.so', 'display_url': 'tribeca.so', 'indices': [0, 23]}]}, 'description': {'urls': [{'url': 'https://t.co/fF6pvCiEEy', 'expanded_url': 'https://discord.gg/cDvtZt886p', 'display_url': 'discord.gg/cDvtZt886p', 'indices': [81, 104]}]}}",13,Solana,https://t.co/AghxycW5ys,False,3.0
3166,3166,LevX DAO,2021-10-20 22:22:16+00:00,A prev-gen & old-fashioned DAO that you couldn't find any innovation but only memes & bullshits @sushibtoken @MunchkinLFG @SharkpunksNFT @maid_coin @bearfi_org,4901,1450950480968884227,LevXDAOhGeez,70,"{'url': {'urls': [{'url': 'https://t.co/IcpZxohCjP', 'expanded_url': 'https://discord.gg/oh-geez', 'display_url': 'discord.gg/oh-geez', 'indices': [0, 23]}]}, 'description': {'urls': []}}",10,,https://t.co/IcpZxohCjP,False,3.0
15209,15209,DeFrag.fi üßÆ,2021-11-19 00:07:10+00:00,DeFrag is a decentralized liquidity market protocol where borrowers can use NFT assets as collateral to get a loan. Learn more üëâ https://t.co/pDHdNERTI0,1515,1461486138020007936,DefragFinance,61,"{'url': {'urls': [{'url': 'https://t.co/BuOrS54oyJ', 'expanded_url': 'http://defrag.fi', 'display_url': 'defrag.fi', 'indices': [0, 23]}]}, 'description': {'urls': [{'url': 'https://t.co/pDHdNERTI0', 'expanded_url': 'http://docs.defrag.fi', 'display_url': 'docs.defrag.fi', 'indices': [129, 152]}]}}",0,,https://t.co/BuOrS54oyJ,False,3.0
12902,12902,Forta,2021-09-14 22:07:24+00:00,Real-time threat detection for smart contracts.Forta is the first decentralized community-based security protocol to prevent or mitigate exploits as they occur.,6695,1437900694514806789,FortaProtocol,181,"{'url': {'urls': [{'url': 'https://t.co/v9dGpSibZB', 'expanded_url': 'http://www.forta.org', 'display_url': 'forta.org', 'indices': [0, 23]}]}, 'description': {'urls': []}}",355,,https://t.co/v9dGpSibZB,False,3.0
16251,16251,721DAO,2021-10-29 09:11:39+00:00,"721DAO originated from within the @club721official community, founded by @9x9x9eth with a vision to create a decentralized entertainment metaverse",3396,1454012744328519682,721DAO_Official,173,"{'url': {'urls': [{'url': 'https://t.co/qBKJm7Defo', 'expanded_url': 'https://opensea.io/0xd06a5d3bae616fdaf9fd0fe9dcdd14b2aa097155', 'display_url': 'opensea.io/0xd06a5d3bae61‚Ä¶', 'indices': [0, 23]}]}, 'description': {'urls': []}}",23,,https://t.co/qBKJm7Defo,False,3.0
11285,11285,The Hamily,2021-08-04 18:01:38+00:00,"Hamily, Hamiltons, Ultracured Hamillionaires - NFT curated community for 750 ArtBlocks Sea Hams - https://t.co/Q6aYg4nqsj - (üåä,üçñ)DAO",2487,1422981005938466823,sailobots,14326,"{'url': {'urls': [{'url': 'https://t.co/8mWXcPG7lJ', 'expanded_url': 'https://discord.gg/nTtCmkQEJa', 'display_url': 'discord.gg/nTtCmkQEJa', 'indices': [0, 23]}]}, 'description': {'urls': [{'url': 'https://t.co/Q6aYg4nqsj', 'expanded_url': 'http://hamily.life', 'display_url': 'hamily.life', 'indices': [98, 121]}]}}",1266,Œû,https://t.co/8mWXcPG7lJ,False,3.0
20732,20732,"rŒûgan.eth (regan,regan)",2021-12-15 01:27:41+00:00,"crypto, dao, web3, all-of-it newb. Contributor @CryptoSocietyS1, @IndexCoop ü¶â & @BanklessDAO. USC student, trad-fi background. never financial advice.",5440,1470928421790355460,regannotraygan,2385,{'description': {'urls': []}},328,"New York, USA",,False,3.0
9164,9164,The Doge NFT ü¶¥,2021-09-10 23:44:41+00:00,"Own a pixel of the world‚Äôs most famous meme with $DOG

Backed by @PleasrDAO‚ú®

Join the inner circle of doge üêï https://t.co/GtmsvcBPPO",7452,1436448375931506688,ownthedoge,2276,"{'url': {'urls': [{'url': 'https://t.co/CNiJlHbqNb', 'expanded_url': 'https://doge.pleasr.org/', 'display_url': 'doge.pleasr.org', 'indices': [0, 23]}]}, 'description': {'urls': [{'url': 'https://t.co/GtmsvcBPPO', 'expanded_url': 'http://discord.gg/thedogenft', 'display_url': 'discord.gg/thedogenft', 'indices': [110, 133]}]}}",135,Internet,https://t.co/CNiJlHbqNb,False,3.0
21645,21645,Ricochet Exchange,2021-07-08 02:44:30+00:00,Effortless Real-Time Crypto Investing üö∞ Powered by @Superfluid_HQ ‚ö°Ô∏è Automatically buy + sell crypto in streams üí¨ Discord: https://t.co/fqkW7w8UtF | $RIC,1153,1412965659273797633,ricochetxchange,705,"{'url': {'urls': [{'url': 'https://t.co/lOXo20D5TU', 'expanded_url': 'https://www.ricochet.exchange/', 'display_url': 'ricochet.exchange', 'indices': [0, 23]}]}, 'description': {'urls': [{'url': 'https://t.co/fqkW7w8UtF', 'expanded_url': 'http://discord.gg/pvpKkXEzNf', 'display_url': 'discord.gg/pvpKkXEzNf', 'indices': [123, 146]}]}}",5,"Philadelphia, PA - Polygon L2",https://t.co/lOXo20D5TU,False,3.0
12349,12349,The Solciety | „Éù„É≥„Éó |,2021-09-20 08:18:31+00:00,"PUBLIC SALE SOLD OUT IN 90 SECS!
A Solciety built on #Solana with 6999.9 anime #NFTs w/ unique personalities. Available on Magic Eden | https://t.co/gn7ozjOVHr",1852,1439866504774750211,TheSolcietyNFT,568,"{'url': {'urls': [{'url': 'https://t.co/5DxKvf0JNX', 'expanded_url': 'http://thesolciety.gg', 'display_url': 'thesolciety.gg', 'indices': [0, 23]}]}, 'description': {'urls': [{'url': 'https://t.co/gn7ozjOVHr', 'expanded_url': 'http://linktr.ee/thesolcietynft', 'display_url': 'linktr.ee/thesolcietynft', 'indices': [136, 159]}]}}",27,Ponpu Island,https://t.co/5DxKvf0JNX,False,2.0
10652,10652,Hashes DAO,2021-10-05 17:01:45+00:00,"An NFT kind of DAO 
https://t.co/OL9WDBT1ho 
https://t.co/bZIZGFTcab
https://t.co/nqtSe2pYpd",2304,1445433971211395072,HashesDAO,96,"{'description': {'urls': [{'url': 'https://t.co/OL9WDBT1ho', 'expanded_url': 'http://thehashes.xyz', 'display_url': 'thehashes.xyz', 'indices': [20, 43]}, {'url': 'https://t.co/bZIZGFTcab', 'expanded_url': 'http://snapshot.org/#/thehashes.eth', 'display_url': 'snapshot.org/#/thehashes.eth', 'indices': [45, 68]}, {'url': 'https://t.co/nqtSe2pYpd', 'expanded_url': 'https://discord.gg/k9VDGjbr7d', 'display_url': 'discord.gg/k9VDGjbr7d', 'indices': [69, 92]}]}}",43,,,False,2.0
9216,9216,"CheeseDAO (üßÄ,üßÄ)",2021-11-22 21:20:37+00:00,CheeseDAO on Harmony (ONE). Gamified DeFi risk protocol. DM us cheez/cat/mouse/crypto related memes.,2387,1462893771994062851,CheezDAO,1231,"{'url': {'urls': [{'url': 'https://t.co/nl3LP8Tkyl', 'expanded_url': 'https://cheese.game', 'display_url': 'cheese.game', 'indices': [0, 23]}]}, 'description': {'urls': []}}",39,https://discord.gg/cheesedao,https://t.co/nl3LP8Tkyl,False,2.0
9125,9125,Munchkin LFG,2021-10-31 00:17:33+00:00,"To da $MUN not MOON, hooman
@LevXDAOhGeez",1009,1454603376075763715,MunchkinLFG,5,"{'url': {'urls': [{'url': 'https://t.co/7pzo9scBUy', 'expanded_url': 'https://discord.gg/BxrGJ67MbC', 'display_url': 'discord.gg/BxrGJ67MbC', 'indices': [0, 23]}]}, 'description': {'urls': []}}",10,,https://t.co/7pzo9scBUy,False,2.0
8963,8963,entities.eth ü¶é,2021-07-25 18:30:41+00:00,"No-code Generative #NFT Launchpad & DAO

https://t.co/HaTLbniJIw",5946,1419364447638929413,entitieswtf,1179,"{'url': {'urls': [{'url': 'https://t.co/nVhLqAHG2b', 'expanded_url': 'https://entities.wtf', 'display_url': 'entities.wtf', 'indices': [0, 23]}]}, 'description': {'urls': [{'url': 'https://t.co/HaTLbniJIw', 'expanded_url': 'https://opensea.io/collection/metageckos-genesis', 'display_url': 'opensea.io/collection/met‚Ä¶', 'indices': [41, 64]}]}}",214,ü™ê ,https://t.co/nVhLqAHG2b,False,2.0
12060,12060,BetDEX,2021-09-16 16:18:36+00:00,"Building the decentralized sports betting protocol

Website: https://t.co/ncnU5CpfQi",6744,1438537652282724356,BetDEXLabs,77,"{'description': {'urls': [{'url': 'https://t.co/ncnU5CpfQi', 'expanded_url': 'http://betdex.com', 'display_url': 'betdex.com', 'indices': [61, 84]}]}}",46,,,True,2.0
12336,12336,Parcel,2021-06-29 18:35:59+00:00,The destination for virtual real estate #VRE üè° | Real-time price appraisal ü§ë | Join our Discord üëâ https://t.co/xyVkPLy0DQ | We're Hiring! üöÄ https://t.co/xWbZ9wIOlX,9235,1409943440578781193,ParcelNFT,1389,"{'url': {'urls': [{'url': 'https://t.co/PKOd6mSAVq', 'expanded_url': 'http://www.parcel.so', 'display_url': 'parcel.so', 'indices': [0, 23]}]}, 'description': {'urls': [{'url': 'https://t.co/xyVkPLy0DQ', 'expanded_url': 'http://discord.gg/7qUaAQf2Hs', 'display_url': 'discord.gg/7qUaAQf2Hs', 'indices': [98, 121]}, {'url': 'https://t.co/xWbZ9wIOlX', 'expanded_url': 'http://bit.ly/3m7pHzJ', 'display_url': 'bit.ly/3m7pHzJ', 'indices': [140, 163]}]}}",70,Metaverse,https://t.co/PKOd6mSAVq,False,2.0
6344,6344,"PixelDAO (üéÆ , üéÆ)",2021-11-24 19:48:44+00:00,Web3 P2E/Metaverse incubator + investment DAO. POL model. Built on Harmony. Join us: https://t.co/D7assCSFtR,4199,1463595410447032327,pixeldaofi,335,"{'url': {'urls': [{'url': 'https://t.co/5wzgLfLnUz', 'expanded_url': 'https://linktr.ee/pixeldao', 'display_url': 'linktr.ee/pixeldao', 'indices': [0, 23]}]}, 'description': {'urls': [{'url': 'https://t.co/D7assCSFtR', 'expanded_url': 'http://discord.gg/pixeldao', 'display_url': 'discord.gg/pixeldao', 'indices': [85, 108]}]}}",15,The Metaverse,https://t.co/5wzgLfLnUz,False,2.0
12342,12342,Dionysus,2021-09-27 09:40:12+00:00,@klimaDAO #climatefinance #DeFi,4404,1442423792978960398,Dionysus_Klima,256,"{'url': {'urls': [{'url': 'https://t.co/RdGIVfRGGq', 'expanded_url': 'https://klimadao.finance/', 'display_url': 'klimadao.finance', 'indices': [0, 23]}]}, 'description': {'urls': []}}",51,,https://t.co/RdGIVfRGGq,False,2.0
13513,13513,üéÆ Play Intern,2021-07-27 02:24:47+00:00,"üë©‚Äçüî¨ @playfuturefund | üî≠ Mapping & Writing üìù about Crypto, DeFi and the üéÆ Gaming Metaverse ‚ú® | Member of the Notes/Pod/Intern Squad ü§ù | Let's connect! üëã",2298,1419845922637303814,playtern,3748,{'description': {'urls': []}},575,Metaverse üõ∏,,False,2.0
12882,12882,Avari,2021-07-24 23:33:22+00:00,Avari is an uncollateralized lending protocol on Solana. Founded by @Stanford engineers,1470,1419078245887225858,AvariHQ,247,{'description': {'urls': []}},99,"Stanford, CA",,False,2.0
12908,12908,Avid Lines,2021-07-18 23:59:05+00:00,Generative art project || @FingerprintsDAO x Arihz (@framergence),3012,1416910397744066566,AvidLines,319,"{'url': {'urls': [{'url': 'https://t.co/nDBuSafnvc', 'expanded_url': 'https://opensea.io/collection/avid-lines', 'display_url': 'opensea.io/collection/avi‚Ä¶', 'indices': [0, 23]}]}, 'description': {'urls': []}}",6,https://discord.gg/KTYEyaAgVM,https://t.co/nDBuSafnvc,False,2.0
12922,12922,frendao,2021-10-28 18:59:04+00:00,frens trying to do good through NFTs. a DAO within the @OlympusDAO ecosystem focused on social causes. https://t.co/Q8s0a72WDw,3206,1453798449145688074,TheFrenDAO,2,"{'url': {'urls': [{'url': 'https://t.co/1Kvl9DEQDx', 'expanded_url': 'https://frendao.xyz/', 'display_url': 'frendao.xyz', 'indices': [0, 23]}]}, 'description': {'urls': [{'url': 'https://t.co/Q8s0a72WDw', 'expanded_url': 'https://discord.gg/j8WtKBWGvk', 'display_url': 'discord.gg/j8WtKBWGvk', 'indices': [103, 126]}]}}",1,,https://t.co/1Kvl9DEQDx,False,2.0
13156,13156,Syndica,2021-09-11 14:51:19+00:00,"Scalable infrastructure for Web 3.0. 

DM the founders @SyndicaIsHiring if any roles at https://t.co/7pL3vp5evG interest you.",4812,1436703851931967488,Syndica_io,32,"{'url': {'urls': [{'url': 'https://t.co/GgNBWr2gZJ', 'expanded_url': 'https://syndica.io', 'display_url': 'syndica.io', 'indices': [0, 23]}]}, 'description': {'urls': [{'url': 'https://t.co/7pL3vp5evG', 'expanded_url': 'http://syndica.io/careers', 'display_url': 'syndica.io/careers', 'indices': [88, 111]}]}}",18,discord.gg/XYdHaetwdd,https://t.co/GgNBWr2gZJ,False,2.0
15949,15949,"Wagmi Labs ($1T, $1T)",2021-11-26 20:13:58+00:00,Wagmi Labs is a C-Corp set up by three Ohmies to help family offices and institutions invest in the @OlympusDAO ecosystem. Discord https://t.co/dYlQypFKhQ,2031,1464326536262258695,WagmiLabsInc,126,"{'url': {'urls': [{'url': 'https://t.co/4SEdgfx64P', 'expanded_url': 'https://wagmi.ink', 'display_url': 'wagmi.ink', 'indices': [0, 23]}]}, 'description': {'urls': [{'url': 'https://t.co/dYlQypFKhQ', 'expanded_url': 'https://discord.gg/EUdKZgb8de', 'display_url': 'discord.gg/EUdKZgb8de', 'indices': [131, 154]}]}}",19,,https://t.co/4SEdgfx64P,False,2.0
16632,16632,ludens,2021-06-14 17:05:02+00:00,summoner of @latticexyz,1140,1404485017204523014,l_udens,12,{'description': {'urls': []}},1,,,False,2.0
18034,18034,MarrowDAO | Guild W,2021-06-01 22:45:04+00:00,"In #metaverse, we BUIDL. | Guild W - the first on-chain e-sports team | ‚ù§ @darkforest_eth  ‚ù§ Sub DAO of @rhizomedao  | DM is open.",2320,1399859503420510209,marrowdao,183,"{'url': {'urls': [{'url': 'https://t.co/How6PComAi', 'expanded_url': 'https://buidl.mirror.xyz/', 'display_url': 'buidl.mirror.xyz', 'indices': [0, 23]}]}, 'description': {'urls': []}}",144,,https://t.co/How6PComAi,False,2.0
18850,18850,"Spice DAO (üèú,üèú)",2021-11-18 16:48:56+00:00,"He who controls the $SPICE, controls the DAO. https://t.co/V3pNY4IGet",3447,1461375850788659203,TheSpiceDAO,113,"{'url': {'urls': [{'url': 'https://t.co/x3csf8PD4d', 'expanded_url': 'http://dune.foundation', 'display_url': 'dune.foundation', 'indices': [0, 23]}]}, 'description': {'urls': [{'url': 'https://t.co/V3pNY4IGet', 'expanded_url': 'http://discord.gg/ZpbBA2fCKe', 'display_url': 'discord.gg/ZpbBA2fCKe', 'indices': [46, 69]}]}}",4,Arrakis,https://t.co/x3csf8PD4d,False,2.0
19568,19568,Block Earner,2021-07-27 05:40:03+00:00,Block Earner is your portal to the future of finance.,896,1419895148071198723,blockearner,24,"{'url': {'urls': [{'url': 'https://t.co/rwCkb8nrve', 'expanded_url': 'https://blockearner.com.au/', 'display_url': 'blockearner.com.au', 'indices': [0, 23]}]}, 'description': {'urls': []}}",110,"Sydney, Australia",https://t.co/rwCkb8nrve,False,2.0
19868,19868,Official DAO Masters üéì,2021-10-27 01:46:04+00:00,Our mission is to onboard the next million DAO contributors & operators. Join our Discord! $DAOMSTR,2529,1453176047588069381,daomastersxyz,41,"{'url': {'urls': [{'url': 'https://t.co/SK1hzXb9fK', 'expanded_url': 'http://daomasters.xyz', 'display_url': 'daomasters.xyz', 'indices': [0, 23]}]}, 'description': {'urls': []}}",7,Metaverse,https://t.co/SK1hzXb9fK,False,2.0
20426,20426,"Timshel (üòà,üòá)",2021-09-07 16:32:24+00:00,‚ÄúOn-chain Historian‚ÄùÔ∏±@genesisloot Project + @LootProject + üÜó Corruption(s*) DAO + @divine_dao = Buidling an on-chain collaborative media movement,2550,1435279537177186305,TimshelXYZ,1389,"{'url': {'urls': [{'url': 'https://t.co/xfkRfw8gOK', 'expanded_url': 'http://genesisproject.xyz', 'display_url': 'genesisproject.xyz', 'indices': [0, 23]}]}, 'description': {'urls': []}}",1229,Join Us in Discord üîÆ,https://t.co/xfkRfw8gOK,False,2.0
21088,21088,hyaliko,2021-06-02 00:16:10+00:00,https://t.co/8ng7yhahRW: the social spatial nft gallery | minting now at https://t.co/JEpwvvAehb | available now on the web and in the iOS app store | https://t.co/oEIPnnrla8,1388,1399882310124806148,hyaliko,1194,"{'url': {'urls': [{'url': 'https://t.co/nnNbNGfGTh', 'expanded_url': 'https://www.hyaliko.com', 'display_url': 'hyaliko.com', 'indices': [0, 23]}]}, 'description': {'urls': [{'url': 'https://t.co/8ng7yhahRW', 'expanded_url': 'http://hyaliko.com', 'display_url': 'hyaliko.com', 'indices': [0, 23]}, {'url': 'https://t.co/JEpwvvAehb', 'expanded_url': 'http://hyaliko.com/mint', 'display_url': 'hyaliko.com/mint', 'indices': [73, 96]}, {'url': 'https://t.co/oEIPnnrla8', 'expanded_url': 'http://discord.gg/2xvCVkAuWu', 'display_url': 'discord.gg/2xvCVkAuWu', 'indices': [151, 174]}]}}",2837,discord.gg/2xvCVkAuWu,https://t.co/nnNbNGfGTh,False,2.0
21406,21406,Good Karma DAO,2021-10-22 19:16:26+00:00,a music label dao supporting groundbreaking artists in web3 https://t.co/yRiz0KV59r,2391,1451628396824326144,goodkarmadao,171,"{'url': {'urls': [{'url': 'https://t.co/vyUO3iBmCd', 'expanded_url': 'https://discord.gg/7SjwNzpQMb', 'display_url': 'discord.gg/7SjwNzpQMb', 'indices': [0, 23]}]}, 'description': {'urls': [{'url': 'https://t.co/yRiz0KV59r', 'expanded_url': 'https://t.me/joinchat/mWhfY2kOxIRiMDQx', 'display_url': 't.me/joinchat/mWhfY‚Ä¶', 'indices': [60, 83]}]}}",24,metaverse,https://t.co/vyUO3iBmCd,False,2.0
21411,21411,Lattice,2021-07-08 19:46:08+00:00,Lattice invests in early crypto protocols and projects,1003,1413222814430097409,lattice_fund,2,"{'url': {'urls': [{'url': 'https://t.co/K6U1YNfWqc', 'expanded_url': 'http://latticecap.co', 'display_url': 'latticecap.co', 'indices': [0, 23]}]}, 'description': {'urls': []}}",1,,https://t.co/K6U1YNfWqc,False,2.0
21729,21729,"SnoopDAO (doge, doge)",2021-10-28 11:41:04+00:00,"SnoopDAO: Stake $DOG to earn SNOOP. The NFTs bought using $DOG from our site fund our treasury. #PupOnly!!!

Community DAO: https://t.co/SXdpFnfuwl",1532,1453688200510070789,snoopdaodotxyz,103,"{'url': {'urls': [{'url': 'https://t.co/28NqEaZ1Tu', 'expanded_url': 'http://snoopdao.xyz', 'display_url': 'snoopdao.xyz', 'indices': [0, 23]}]}, 'description': {'urls': [{'url': 'https://t.co/SXdpFnfuwl', 'expanded_url': 'http://discord.gg/VBUkVBRh3N', 'display_url': 'discord.gg/VBUkVBRh3N', 'indices': [124, 147]}]}}",32,,https://t.co/28NqEaZ1Tu,False,2.0
6340,6340,"AVentures (üåÑ,üî∫)",2021-09-08 21:53:37+00:00,Supporting and investing in innovative #Avalanche projects. Teams looking for funding or advisory support please approach us.,4280,1435722926590943239,AventuresDao,401,"{'url': {'urls': [{'url': 'https://t.co/6LJqd13Kiw', 'expanded_url': 'http://aventuresdao.io/', 'display_url': 'aventuresdao.io', 'indices': [0, 23]}]}, 'description': {'urls': []}}",181,Metaverse,https://t.co/6LJqd13Kiw,False,2.0
22215,22215,"0xylos (üå≥,üå≥)",2021-08-20 06:48:15+00:00,"Klimate ü¶ç, tree sommelier üå≥, and carbon black hole engineer üï≥ @KlimaDAO",1311,1428609635271983104,0xylos_Klima,114,"{'url': {'urls': [{'url': 'https://t.co/mlRZhcQ8LY', 'expanded_url': 'http://klimadao.finance', 'display_url': 'klimadao.finance', 'indices': [0, 23]}]}, 'description': {'urls': []}}",107,,https://t.co/mlRZhcQ8LY,False,2.0
4105,4105,gm,2021-08-27 15:14:41+00:00,the gm app,6639,1431273803288662016,gmtheapp,221,"{'url': {'urls': [{'url': 'https://t.co/VQ6o06nyAY', 'expanded_url': 'https://gm.town/', 'display_url': 'gm.town', 'indices': [0, 23]}]}, 'description': {'urls': []}}",8,,https://t.co/VQ6o06nyAY,False,2.0
3151,3151,Tranquil Finance,2021-09-29 05:46:55+00:00,"First algorithmic money market and liquid staking protocol for Harmony ONE. $TRANQ, $stONE

https://t.co/6DvwqwUp2r

Business contact: @0xMightyM",9103,1443089847019708417,tranquil_fi,53,"{'url': {'urls': [{'url': 'https://t.co/YqPfLpd5MY', 'expanded_url': 'https://tranquil.finance', 'display_url': 'tranquil.finance', 'indices': [0, 23]}]}, 'description': {'urls': [{'url': 'https://t.co/6DvwqwUp2r', 'expanded_url': 'https://discord.gg/tranquilfinance', 'display_url': 'discord.gg/tranquilfinance', 'indices': [92, 115]}]}}",13,,https://t.co/YqPfLpd5MY,False,2.0
1813,1813,teddybits.care,2021-06-28 13:46:39+00:00,"This is a main stage of TeddyBitsüß∏ , where you can say hi and get new info about them. https://t.co/9tZxNOHQvi",1223,1409508510535090181,TeddybitsC,518,"{'url': {'urls': [{'url': 'https://t.co/f2uvwT9aR4', 'expanded_url': 'https://opensea.io/collection/teddybits', 'display_url': 'opensea.io/collection/ted‚Ä¶', 'indices': [0, 23]}]}, 'description': {'urls': [{'url': 'https://t.co/9tZxNOHQvi', 'expanded_url': 'http://discord.gg/dcxUWX8HZg', 'display_url': 'discord.gg/dcxUWX8HZg', 'indices': [87, 110]}]}}",68,,https://t.co/f2uvwT9aR4,False,2.0
4816,4816,0xbatman,2021-11-30 04:21:54+00:00,"https://t.co/YRSCh3qoHz BatmanDAO
Protecting others requires my own blood. I'm whatever Crypto needs me to be.",1852,1465536493636644865,batmandao,5,"{'description': {'urls': [{'url': 'https://t.co/YRSCh3qoHz', 'expanded_url': 'https://t.me/+BxtRWhIBA4g3YTM1', 'display_url': 't.me/+BxtRWhIBA4g3Y‚Ä¶', 'indices': [0, 23]}]}}",215,"Gotham, Crypto World",,False,2.0
4179,4179,Membrane,2021-10-12 20:12:30+00:00,"Membrane is an OTC protocol that allows for multichain netting and clearing, trading, and lending of crypto assets.",927,1448018669913661453,MembraneTrade,13,{'description': {'urls': []}},29,,,False,2.0
5568,5568,Ghost DAO,2021-09-21 06:30:57+00:00,"""The DAO of DAOs"". Portfolio: @SockzDAO",1008,1440201851886964736,ghxstdao,131,{'description': {'urls': []}},16,https://discord.gg/6qRAGxQRG2,,False,2.0
4121,4121,ŒûthernautDAO,2021-07-06 16:25:00+00:00,"A common goods DAO aimed at transforming developers into Ethereum developers.
Discord: https://t.co/2wXSTypBNz
Discourse: https://t.co/ePLN1BRteK",1779,1412447173850157059,EthernautDAO,102,"{'description': {'urls': [{'url': 'https://t.co/2wXSTypBNz', 'expanded_url': 'https://discord.gg/RQ5WYDxUF3', 'display_url': 'discord.gg/RQ5WYDxUF3', 'indices': [87, 110]}, {'url': 'https://t.co/ePLN1BRteK', 'expanded_url': 'https://forum.ethernautdao.io/', 'display_url': 'forum.ethernautdao.io', 'indices': [122, 145]}]}}",39,,,False,2.0
2296,2296,Dinner DAO üçΩÔ∏èüåê,2021-09-07 00:47:08+00:00,"A DAO of DAOs where friends old and new meet IRL üìç NYC, LA, PDX https://t.co/AzFmocXQGx",990,1435041783839404039,dinner_dao,320,"{'description': {'urls': [{'url': 'https://t.co/AzFmocXQGx', 'expanded_url': 'http://discord.gg/xKBtgJnB5Z', 'display_url': 'discord.gg/xKBtgJnB5Z', 'indices': [64, 87]}]}}",99,around tables everywhere,,False,2.0
2724,2724,Mirror Curator DAO,2021-10-19 14:24:47+00:00,"For writers, readers, curators |  ‚ù§ @viamirror ‚ù§ Sub DAO of @rhizomedao",3001,1450467903195725836,0xmcdao,9,{'description': {'urls': []}},1,,,False,2.0
689,689,Mirror Club,2021-07-24 04:34:42+00:00,"Spun out of the venerable @seedclubhq, mCLUB is a grant-giving DAO focused on supporting creators on the @viamirror ecosystem. ü™û‚ô£Ô∏è",1372,1418791550549590020,mClubDAO,215,"{'url': {'urls': [{'url': 'https://t.co/2iTWN9ojUw', 'expanded_url': 'http://mclub.mirror.xyz', 'display_url': 'mclub.mirror.xyz', 'indices': [0, 23]}]}, 'description': {'urls': []}}",2,,https://t.co/2iTWN9ojUw,False,2.0
4826,4826,Olympus Odyssey,2021-08-01 21:06:49+00:00,@OlympusDAO project working to build a liquid secondary market for NFT's within the Olympus ecosystem. $OHM (1+1=3),7321,1421940448768126979,OdysseyOlympus,1272,"{'url': {'urls': [{'url': 'https://t.co/0i9rztknQO', 'expanded_url': 'https://discord.gg/DBJJWkfT3j', 'display_url': 'discord.gg/DBJJWkfT3j', 'indices': [0, 23]}]}, 'description': {'urls': []}}",112,Quality NFT's Transmit Culture,https://t.co/0i9rztknQO,False,2.0
15200,15200,NFTically,2021-06-24 08:03:33+00:00,"ùêìùê°ùê¢ùêßùê§ùê¢ùêßùê† ùêçùêÖùêìùê¨ ? ùêìùê°ùê¢ùêßùê§ ùêçùêÖùêìùê¢ùêúùêöùê•ùê•ùê≤!
Join our Telegram - https://t.co/GQWRWdte2J and Discord - https://t.co/3liIQa0aHQ
Stay on Top of the NFT Chain!",856,1407972325148921860,NFTically,620,"{'url': {'urls': [{'url': 'https://t.co/sbol9eaH1w', 'expanded_url': 'http://www.nftically.com', 'display_url': 'nftically.com', 'indices': [0, 23]}]}, 'description': {'urls': [{'url': 'https://t.co/GQWRWdte2J', 'expanded_url': 'http://bit.ly/3m8mFLo', 'display_url': 'bit.ly/3m8mFLo', 'indices': [53, 76]}, {'url': 'https://t.co/3liIQa0aHQ', 'expanded_url': 'http://bit.ly/3oC2nKy', 'display_url': 'bit.ly/3oC2nKy', 'indices': [91, 114]}]}}",97,,https://t.co/sbol9eaH1w,False,1.0
16258,16258,Elevate Protocol,2021-08-21 15:53:05+00:00,Building the marketing tools for a decentralized world on @Terra_Money   to help applications scale üöÄ,1076,1429109259615313924,ElevateProtocol,23,{'description': {'urls': []}},13,,,False,1.0
17920,17920,Polysynth - We're hiring!,2021-06-22 10:13:27+00:00,Decentralized protocol for trading advanced crypto financial products in an innovative and user-friendly way. Discord: https://t.co/vXBWB4dvcT | Jobs: https://t.co/1re7IOFkCg,3611,1407280535789993985,0xPolysynth,432,"{'url': {'urls': [{'url': 'https://t.co/su0U7LW4sR', 'expanded_url': 'https://polysynth.com', 'display_url': 'polysynth.com', 'indices': [0, 23]}]}, 'description': {'urls': [{'url': 'https://t.co/vXBWB4dvcT', 'expanded_url': 'http://bit.ly/3C8dvET', 'display_url': 'bit.ly/3C8dvET', 'indices': [119, 142]}, {'url': 'https://t.co/1re7IOFkCg', 'expanded_url': 'http://bit.ly/3HmZAxE', 'display_url': 'bit.ly/3HmZAxE', 'indices': [151, 174]}]}}",184,Blockchain,https://t.co/su0U7LW4sR,False,1.0
17509,17509,Archway,2021-09-28 16:17:06+00:00,"Launchpad to @Cosmos and beyond. Incubated by @tendermintHQ 
Join us on Discord: https://t.co/ZjULZGT5CZ",3527,1442885695907905541,archwayHQ,32,"{'url': {'urls': [{'url': 'https://t.co/rT7K9dMK7F', 'expanded_url': 'https://archway.io', 'display_url': 'archway.io', 'indices': [0, 23]}]}, 'description': {'urls': [{'url': 'https://t.co/ZjULZGT5CZ', 'expanded_url': 'http://discord.gg/archwayhq', 'display_url': 'discord.gg/archwayhq', 'indices': [81, 104]}]}}",0,,https://t.co/rT7K9dMK7F,False,1.0
14062,14062,Harmony Play üíô,2021-11-02 16:19:40+00:00,The #1 play to earn platform at @Harmonyprotocol | Join the community: https://t.co/7FCBCkDhe1 | https://t.co/r3FeAAQGG6,1151,1455570278235480067,harmony_play,201,"{'url': {'urls': [{'url': 'https://t.co/t0NnHy4CHo', 'expanded_url': 'http://harmonyplay.one', 'display_url': 'harmonyplay.one', 'indices': [0, 23]}]}, 'description': {'urls': [{'url': 'https://t.co/7FCBCkDhe1', 'expanded_url': 'http://discord.gg/D2gM3nWVNB', 'display_url': 'discord.gg/D2gM3nWVNB', 'indices': [71, 94]}, {'url': 'https://t.co/r3FeAAQGG6', 'expanded_url': 'http://t.me/harmonyplayone', 'display_url': 't.me/harmonyplayone', 'indices': [97, 120]}]}}",348,,https://t.co/t0NnHy4CHo,False,1.0
17332,17332,"MetropolitaDAO (üèô, üèô)",2021-10-26 02:03:12+00:00,first cross-chain unpegged liquidity protocol. An unofficial fork of Olympus DAO with inspiration from Hop Protocol. https://t.co/B7TzB7jJ64,2306,1452765468020908035,metrodao,20,"{'description': {'urls': [{'url': 'https://t.co/B7TzB7jJ64', 'expanded_url': 'https://discord.com/invite/rjUQV682v4', 'display_url': 'discord.com/invite/rjUQV68‚Ä¶', 'indices': [117, 140]}]}}",17,United Nations,,False,1.0
14106,14106,FocusNFT //,2021-07-26 03:48:53+00:00,"NFT ""DTF"" (Degen Trading Fund) in support of Creatives. Parent Co: Focus Labs @fcslabs Parallelüëæ//ETHBlockartüßë‚Äçüé®//Niftyüèù//WATCHERüëÅ",1390,1419329991746129923,FocusNft,184,"{'url': {'urls': [{'url': 'https://t.co/qUy5PKIdHK', 'expanded_url': 'http://www.focuslabs.io', 'display_url': 'focuslabs.io', 'indices': [0, 23]}]}, 'description': {'urls': []}}",346,NYC,https://t.co/qUy5PKIdHK,False,1.0
2451,2451,"Crypto, Culture, & Society üçé",2021-09-13 23:42:35+00:00,A learning DAO exploring the impact of crypto on culture and society. Semester 2 announcement coming soon.,5071,1437562337150455809,CryptoSocietyS1,634,"{'url': {'urls': [{'url': 'https://t.co/WZBW3YOPsJ', 'expanded_url': 'https://society.mirror.xyz/sfgXhqtwwMkhHLnAM1jVr16MdSJ4RGSb1Y6CAKpslgc', 'display_url': 'society.mirror.xyz/sfgXhqtwwMkhHL‚Ä¶', 'indices': [0, 23]}]}, 'description': {'urls': []}}",0,üåç,https://t.co/WZBW3YOPsJ,False,1.0
16629,16629,Rose üåπ,2021-09-29 03:59:47+00:00,Liquidity Layer on @auroraisnear. Stablecoin and Wrapped Assets Exchange + RUSD Borrowing Protocol. Incubated by @NearPad,4055,1443062858384769028,RoseOnAurora,80,"{'url': {'urls': [{'url': 'https://t.co/dPxtbqAhNA', 'expanded_url': 'http://rose.fi', 'display_url': 'rose.fi', 'indices': [0, 23]}]}, 'description': {'urls': []}}",4,,https://t.co/dPxtbqAhNA,False,1.0
16510,16510,"Elrohm Finance (Œµ, Œµ)",2021-11-13 11:09:22+00:00,"Elrohm is the 1st #OlympusDAO fork on #Elrond Mainnet.

Discord reveal very soon.

$EGLD $ELROHM $OHM",1433,1459478378998906883,elrohmfinance,6,"{'url': {'urls': [{'url': 'https://t.co/sas9yOd8H9', 'expanded_url': 'https://discord.gg/EQQHYGEx', 'display_url': 'discord.gg/EQQHYGEx', 'indices': [0, 23]}]}, 'description': {'urls': []}}",5,Elrond Mainnet,https://t.co/sas9yOd8H9,False,1.0
16509,16509,swiper.eth,2021-06-28 05:03:39+00:00,"U underappreciate, I swipe. illiquid jpeg bandit. hot potato enjoyooor",1520,1409376705639333892,swiper_eth,11279,{'description': {'urls': []}},1024,NY,,False,1.0
16505,16505,"HALKO ((üíé,üíé),(üé©,üî∫))",2021-07-04 08:37:09+00:00,"Letters and numbers guy @dopex_io
Numbers guy @traderjoe_xyz",1979,1411604861049880579,Halko500k,8133,{'description': {'urls': []}},255,,,False,1.0
14178,14178,COMPLŒûX DOG,2021-08-07 04:40:18+00:00,"old dog learning about web3~
available artworks - https://t.co/re2sgdasET",1358,1423866526583574533,complexdognft,3063,"{'description': {'urls': [{'url': 'https://t.co/re2sgdasET', 'expanded_url': 'http://linktr.ee/Complexdog', 'display_url': 'linktr.ee/Complexdog', 'indices': [50, 73]}]}}",642,,,False,1.0
15197,15197,"NidhiDAO (üßòüèæ‚Äç‚ôÇÔ∏è,üßòüèæ‚Äç‚ôÇÔ∏è)",2021-10-22 21:07:08+00:00,$GURU is money that grows: An algorithmic currency backed by real world assets. Available on #Polygon,5610,1451655951782580227,NidhiDAO,146,"{'url': {'urls': [{'url': 'https://t.co/0nM90GZvvY', 'expanded_url': 'https://linktr.ee/nidhiDAO', 'display_url': 'linktr.ee/nidhiDAO', 'indices': [0, 23]}]}, 'description': {'urls': []}}",6,Himalayas,https://t.co/0nM90GZvvY,False,1.0
2645,2645,"Everest DAO (üèîÔ∏è,üî∫)",2021-06-12 20:15:13+00:00,"üèîÔ∏è Everest DAO is an innovation-driven project focused on tackling new and exciting products that range from DeFi, DAOs, NFTs, and more. $EVRT #Avalanche #AVAX",9605,1403808083751718912,EverestDAO,212,"{'url': {'urls': [{'url': 'https://t.co/dcXpGmdcMB', 'expanded_url': 'http://everestdao.net', 'display_url': 'everestdao.net', 'indices': [0, 23]}]}, 'description': {'urls': []}}",83,The Avalanche Network,https://t.co/dcXpGmdcMB,False,1.0
16160,16160,ADALend,2021-09-02 08:19:12+00:00,"ADALend - lending protocol on Cardano and governed by the community. ‚ú®

üìù - https://t.co/GZnN1jhcqc
üì≤ - https://t.co/jhMlsbjWph",5690,1433343700151775232,ADALend_finance,5,"{'url': {'urls': [{'url': 'https://t.co/CfBuZ5nmNn', 'expanded_url': 'https://adalend.finance/', 'display_url': 'adalend.finance', 'indices': [0, 23]}]}, 'description': {'urls': [{'url': 'https://t.co/GZnN1jhcqc', 'expanded_url': 'https://adalend.finance/AdaLend_Litepaper/', 'display_url': 'adalend.finance/AdaLend_Litepa‚Ä¶', 'indices': [76, 99]}, {'url': 'https://t.co/jhMlsbjWph', 'expanded_url': 'http://t.me/ADALend', 'display_url': 't.me/ADALend', 'indices': [104, 127]}]}}",7,"Based in Estonia, Talin",https://t.co/CfBuZ5nmNn,False,1.0
14366,14366,"Moonshot Collective (ü§ñ,üíú)",2021-09-03 19:19:08+00:00,A collection of builders & web3 community members who are prototyping technology to help us all coordinate better. A @GitcoinDAO workstream.,1213,1433871956173115395,MoonshotCollect,101,"{'url': {'urls': [{'url': 'https://t.co/zYBZMc0HeE', 'expanded_url': 'https://linktr.ee/moonshotcollective', 'display_url': 'linktr.ee/moonshotcollec‚Ä¶', 'indices': [0, 23]}]}, 'description': {'urls': []}}",106,Quadratic Lands,https://t.co/zYBZMc0HeE,False,1.0
14376,14376,Avarta,2021-08-23 03:14:43+00:00,Avarta reimagines trust through an authentication layer for DeFi and Web3.0 applications.,4711,1429642984388128769,AvartaNetwork,59,"{'url': {'urls': [{'url': 'https://t.co/zqJzuOQkha', 'expanded_url': 'http://avarta.io', 'display_url': 'avarta.io', 'indices': [0, 23]}]}, 'description': {'urls': []}}",40,,https://t.co/zqJzuOQkha,False,1.0
14454,14454,Invisible College | Decentraliens,2021-10-21 17:08:24+00:00,A learning DAO to onboard builders & creators into web3. Powered by 10k NFT aliens on the eco-friendly Solana blockchain. Discord: https://t.co/WvTT0Vl2h0,1582,1451233796414591005,decentraliens,898,"{'url': {'urls': [{'url': 'https://t.co/xu3BOXm9BN', 'expanded_url': 'https://www.invisiblecollege.xyz/', 'display_url': 'invisiblecollege.xyz', 'indices': [0, 23]}]}, 'description': {'urls': [{'url': 'https://t.co/WvTT0Vl2h0', 'expanded_url': 'https://discord.gg/GkYwFTysC7', 'display_url': 'discord.gg/GkYwFTysC7', 'indices': [131, 154]}]}}",16,Solana,https://t.co/xu3BOXm9BN,False,1.0
14942,14942,RED DAOüî¥,2021-09-24 21:26:45+00:00,A digital fashion DAO house.,2612,1441514409768079361,RED___DAO,324,"{'url': {'urls': [{'url': 'https://t.co/E0UuiM6C2I', 'expanded_url': 'http://reddao.xyz', 'display_url': 'reddao.xyz', 'indices': [0, 23]}]}, 'description': {'urls': []}}",116,Metaverse,https://t.co/E0UuiM6C2I,False,1.0
2839,2839,The Pharmacist,2021-08-18 14:40:17+00:00,"NFT collector: Mekaverse, 0n1 Force, Gauntlets, Cryptodads, Space Punks & Dinos, KGDS, Messiverse, Divine Anarchy, Smol Brains, TreasureDAO and $MAGIC",933,1428003778221985792,Pharmacist_eth,4640,{'description': {'urls': []}},1375,,,False,1.0
15585,15585,"CyberDAO (üß¨, üß¨)",2021-11-10 20:24:31+00:00,"CyberDAO's factions unite to build @bobanetwork's reserve currency. 

Website: https://t.co/jyWD8G8qWb
Medium: https://t.co/D0Ds5bCogl
Discord: https://t.co/Mr7fXs0pYk",4222,1458531007863328771,CyberDA0,74,"{'description': {'urls': [{'url': 'https://t.co/jyWD8G8qWb', 'expanded_url': 'https://cyberdao.finance', 'display_url': 'cyberdao.finance', 'indices': [79, 102]}, {'url': 'https://t.co/D0Ds5bCogl', 'expanded_url': 'http://cyberda0.medium.com', 'display_url': 'cyberda0.medium.com', 'indices': [111, 134]}, {'url': 'https://t.co/Mr7fXs0pYk', 'expanded_url': 'http://discord.gg/cyberdao', 'display_url': 'discord.gg/cyberdao', 'indices': [144, 167]}]}}",523,Earth,,False,1.0
15305,15305,SnowSafe üî∫,2021-11-18 01:32:32+00:00,"Grow your wealth with Snowsafe. 
The decentralized reserve currency protocol on #Avalanche.

Discord: https://t.co/GUYIMgZUFW",3214,1461144978894245890,SnowsafeDAO,20,"{'url': {'urls': [{'url': 'https://t.co/xAq4hKoeLL', 'expanded_url': 'http://snowsafe.finance', 'display_url': 'snowsafe.finance', 'indices': [0, 23]}]}, 'description': {'urls': [{'url': 'https://t.co/GUYIMgZUFW', 'expanded_url': 'http://discord.gg/snowsafe', 'display_url': 'discord.gg/snowsafe', 'indices': [102, 125]}]}}",14,Avalanche,https://t.co/xAq4hKoeLL,False,1.0
15298,15298,"NxM (üéµ,üéµ)",2021-06-06 12:41:58+00:00,"NxM = NEAR x Music - A community of Artists from across the globe coming together in this Web3 ecosystem to make the world a better place!
#NxMDAO",817,1401519644704395264,nxmlive,3367,"{'url': {'urls': [{'url': 'https://t.co/Hc5Ir7Za7T', 'expanded_url': 'https://linktr.ee/NxMLive', 'display_url': 'linktr.ee/NxMLive', 'indices': [0, 23]}]}, 'description': {'urls': []}}",547,Metaverse,https://t.co/Hc5Ir7Za7T,False,1.0
6303,6303,$CULTUR,2021-08-28 18:59:05+00:00,"The Culture DAO is a collective of AI engineers, storytellers, game designers building a Web3 Pixar, powered by $CULTUR. RIP IMB. https://t.co/fweMZJpcoN",1028,1431692728614674432,theculturedao,195,"{'url': {'urls': [{'url': 'https://t.co/uBydjtyyDJ', 'expanded_url': 'https://www.theculturedao.com/', 'display_url': 'theculturedao.com', 'indices': [0, 23]}]}, 'description': {'urls': [{'url': 'https://t.co/fweMZJpcoN', 'expanded_url': 'https://discord.gg/culturedao', 'display_url': 'discord.gg/culturedao', 'indices': [130, 153]}]}}",97,,https://t.co/uBydjtyyDJ,False,1.0
18285,18285,Aephai,2021-06-26 10:43:35+00:00,"https://t.co/3rq5SzoI9z
 Draw for fun and happy.",1376,1408737655840395267,retromanstudio,3468,"{'description': {'urls': [{'url': 'https://t.co/3rq5SzoI9z', 'expanded_url': 'http://foundation.app/@Aephai', 'display_url': 'foundation.app/@Aephai', 'indices': [0, 23]}]}}",1430,,,False,1.0
2080,2080,wakeandbayc.eth üçå,2021-06-08 14:16:26+00:00,Good Month DAO | #bayc #bakc #mayc #cheetahgang | Long Kong #rkl | #zedhead - https://t.co/qhMnuECchD,2424,1402268228701802497,wakeandbayc,925,"{'description': {'urls': [{'url': 'https://t.co/qhMnuECchD', 'expanded_url': 'https://zed.run/stable/goodmonthdao-stables', 'display_url': 'zed.run/stable/goodmon‚Ä¶', 'indices': [78, 101]}]}}",420,,,False,1.0
20714,20714,Moremoney üî∫,2021-10-03 18:49:10+00:00,"A hybrid liquidity protocol for interest-free loans while collateral keeps earning Interest and Farm reward.

Join us on Discord: https://t.co/Gq0Lk6ib8g",1155,1444736118860222465,Moremoneyfi,166,"{'url': {'urls': [{'url': 'https://t.co/NVTzzmW8fn', 'expanded_url': 'https://linktr.ee/moremoney.finance', 'display_url': 'linktr.ee/moremoney.fina‚Ä¶', 'indices': [0, 23]}]}, 'description': {'urls': [{'url': 'https://t.co/Gq0Lk6ib8g', 'expanded_url': 'https://discord.gg/uHwQgNE776', 'display_url': 'discord.gg/uHwQgNE776', 'indices': [130, 153]}]}}",13,coming soon,https://t.co/NVTzzmW8fn,False,1.0
22020,22020,"OnChainMonkey (üçå,üçå)",2021-09-12 12:54:14+00:00,OS: https://t.co/A3ote72sBc üêµ Discord: https://t.co/GjFMlpxlDV ü•≥ Founders: @huuep @amandaterry @KiteVC üåüOCM KARMA and DAO in Q1 2022,9493,1437036457042989061,OnChainMonkey,8220,"{'url': {'urls': [{'url': 'https://t.co/UB8MHjweGA', 'expanded_url': 'https://onchainmonkey.com/', 'display_url': 'onchainmonkey.com', 'indices': [0, 23]}]}, 'description': {'urls': [{'url': 'https://t.co/A3ote72sBc', 'expanded_url': 'http://opensea.io/collection/onchainmonkey', 'display_url': 'opensea.io/collection/onc‚Ä¶', 'indices': [4, 27]}, {'url': 'https://t.co/GjFMlpxlDV', 'expanded_url': 'http://discord.gg/ocm', 'display_url': 'discord.gg/ocm', 'indices': [39, 62]}]}}",1355,Monkeyverse,https://t.co/UB8MHjweGA,False,1.0
21996,21996,"SecureDao (Œ£, Œ£)",2021-07-22 06:45:18+00:00,"$SCR is a decentralized reserve currency that remains unbound by a peg. Solving liquidity ownership. Vanilla OHM with a twist. Available on #Fantom (Œ£, Œ£)",1884,1418099504809750531,SecureDao,439,"{'url': {'urls': [{'url': 'https://t.co/OOv8ccHs2B', 'expanded_url': 'https://securedao.finance/', 'display_url': 'securedao.finance', 'indices': [0, 23]}]}, 'description': {'urls': []}}",42,https://discord.gg/securedao,https://t.co/OOv8ccHs2B,False,1.0
21916,21916,perchy.eth üè¥ü¶áüîä,2021-06-02 16:18:44+00:00,"Cartoonist. Chippi creator: https://t.co/p1ehmkdQBM
Contributor @BanklessDAO Writer @TheRugNews The Future is DAO - https://t.co/IaFNeQs5lJ",1903,1400124272492744708,TheFutureisDAO1,5538,"{'url': {'urls': [{'url': 'https://t.co/fmbAoHMjuY', 'expanded_url': 'https://rarible.com/banklesslocations', 'display_url': 'rarible.com/banklesslocati‚Ä¶', 'indices': [0, 23]}]}, 'description': {'urls': [{'url': 'https://t.co/p1ehmkdQBM', 'expanded_url': 'http://opensea.io/collection/chippi', 'display_url': 'opensea.io/collection/chi‚Ä¶', 'indices': [28, 51]}, {'url': 'https://t.co/IaFNeQs5lJ', 'expanded_url': 'http://thefutureisdao.com', 'display_url': 'thefutureisdao.com', 'indices': [116, 139]}]}}",2085,The Bankless Nation,https://t.co/fmbAoHMjuY,False,1.0
21899,21899,RenaissanceDao,2021-11-20 22:24:51+00:00,"#RenaissanceDAO is building and owning #NFT liquidity on #auroraisnear #near
TG: https://t.co/9nJNlA5ElZ",3477,1462185143070691330,dao_renaissance,22,"{'url': {'urls': [{'url': 'https://t.co/hdJ6hK3YIK', 'expanded_url': 'https://discord.gg/renaissancedao', 'display_url': 'discord.gg/renaissancedao', 'indices': [0, 23]}]}, 'description': {'urls': [{'url': 'https://t.co/9nJNlA5ElZ', 'expanded_url': 'https://t.me/renaissancedao', 'display_url': 't.me/renaissancedao', 'indices': [81, 104]}]}}",0,"(3,3)",https://t.co/hdJ6hK3YIK,False,1.0
21833,21833,everythingempty üåì,2021-08-26 13:40:01+00:00,"Building @pathdao Prev @bcg

Punk #9841 @dinoDAOeth #78",1241,1430887571148611588,everythingempt0,3067,"{'url': {'urls': [{'url': 'https://t.co/v9qHvb3nQp', 'expanded_url': 'https://pathdao.io/', 'display_url': 'pathdao.io', 'indices': [0, 23]}]}, 'description': {'urls': []}}",427,Metaverse,https://t.co/v9qHvb3nQp,False,1.0
350,350,Mighty M,2021-10-07 19:11:05+00:00,"Harmony protocol lover. DeFi hard-worker. CM and Marketing principal in... a lot of things.

I'm the man.",2529,1446191323585908746,0xMightyM,444,"{'url': {'urls': [{'url': 'https://t.co/gLDSwsAEJZ', 'expanded_url': 'https://www.tranquil.finance/', 'display_url': 'tranquil.finance', 'indices': [0, 23]}]}, 'description': {'urls': []}}",66,,https://t.co/gLDSwsAEJZ,False,1.0
404,404,ENTROPES,2021-08-28 01:16:30+00:00,"Traditional art is collected, Multiplayer art is shared.

Discord ‚Üí https://t.co/lCgb3mHQLc
OpenSea ‚Üí https://t.co/tsEpGxt0j4",1785,1431377756567195649,multiplayerart,68,"{'url': {'urls': [{'url': 'https://t.co/drmUQUiNPd', 'expanded_url': 'https://entropes.xyz', 'display_url': 'entropes.xyz', 'indices': [0, 23]}]}, 'description': {'urls': [{'url': 'https://t.co/lCgb3mHQLc', 'expanded_url': 'http://discord.gg/SByCf9fyEy', 'display_url': 'discord.gg/SByCf9fyEy', 'indices': [68, 91]}, {'url': 'https://t.co/tsEpGxt0j4', 'expanded_url': 'https://opensea.io/collection/entrope', 'display_url': 'opensea.io/collection/ent‚Ä¶', 'indices': [102, 125]}]}}",6,,https://t.co/drmUQUiNPd,False,1.0
21601,21601,B u f f C h i m p z & APEs,2021-08-12 12:35:47+00:00,"There is a rumble in the Jungle
expect B u f f C h i m p z  

Join our Discord https://t.co/T8Ir0KHF3Q

Creator of the official APE NFTs @ChaosDAO",2253,1425798128633004040,ApesAndArt,1380,"{'url': {'urls': [{'url': 'https://t.co/7EzlscT2CO', 'expanded_url': 'https://singular.rmrk.app/collections/dac5c7f54029d0e73c-1MSUV', 'display_url': 'singular.rmrk.app/collections/da‚Ä¶', 'indices': [0, 23]}]}, 'description': {'urls': [{'url': 'https://t.co/T8Ir0KHF3Q', 'expanded_url': 'http://discord.gg/YeGqEaVHXB', 'display_url': 'discord.gg/YeGqEaVHXB', 'indices': [79, 102]}]}}",45,Chaos DAO HQ,https://t.co/7EzlscT2CO,False,1.0
21454,21454,Chaos Labs,2021-10-26 07:38:44+00:00,Securing blockchains and protocols through robust agent and scenario based simulations. (We're hiring!) https://t.co/kCslkwqMgu | DM: https://t.co/zXDXDw6IUn,1016,1452902430690136064,chaos_labs,25,"{'description': {'urls': [{'url': 'https://t.co/kCslkwqMgu', 'expanded_url': 'http://chaoslabs.xyz', 'display_url': 'chaoslabs.xyz', 'indices': [104, 127]}, {'url': 'https://t.co/zXDXDw6IUn', 'expanded_url': 'https://twitter.com/omeragoldberg', 'display_url': 'twitter.com/omeragoldberg', 'indices': [134, 157]}]}}",18,,,False,1.0
629,629,Happiness House,2021-09-16 16:16:00+00:00,The #1 FREE mental health resource in the Metaverse. Founded by @sxtvik & @beijingdou. In partnership with @thesandboxgame & @runaway_app. Coming soon!,994,1438537085414150156,hhmetaverse,59,{'description': {'urls': []}},6,,,False,1.0
914,914,Tomb Fork Watch,2021-12-29 18:56:56+00:00,"Latest updates on all tomb finance forks

$tomb $tshare #fork #tombfork #tombfinance",895,1476265974802235394,TombForkWatch,4,{'description': {'urls': []}},35,TheBlockChain,,False,1.0
20871,20871,Angular Finance,2021-09-07 16:47:08+00:00,"An isolated lending pair protocol, JV of @ComposableFin & @hydra_dx ‚ö™Ô∏è WE'RE HIRING! Apply with your dev or marketing profile üì© hiring at angular dot finance",1067,1435283467101741060,AngularFinance,45,"{'url': {'urls': [{'url': 'https://t.co/GcP6NVY96c', 'expanded_url': 'https://linktr.ee/AngularFinance', 'display_url': 'linktr.ee/AngularFinance', 'indices': [0, 23]}]}, 'description': {'urls': []}}",4,parachain Picasso,https://t.co/GcP6NVY96c,False,1.0
20850,20850,Œûxactly - DeFixed Income ü¶áüîä,2021-06-06 12:46:03+00:00,"Decentralized, open source and non-custodial credit protocol with stablecoins, fixed interest rates and longer terms. https://t.co/zszdXtegRa",4761,1401520721671692288,exactly_finance,209,"{'url': {'urls': [{'url': 'https://t.co/EJLWyX48t0', 'expanded_url': 'https://exactly.finance/', 'display_url': 'exactly.finance', 'indices': [0, 23]}]}, 'description': {'urls': [{'url': 'https://t.co/zszdXtegRa', 'expanded_url': 'https://discord.com/invite/6HppqAxQut', 'display_url': 'discord.com/invite/6HppqAx‚Ä¶', 'indices': [118, 141]}]}}",139,ETH mainnet ,https://t.co/EJLWyX48t0,True,1.0
945,945,Reverse Protocol,2021-10-25 21:29:56+00:00,"Yield generating treasury protocol on #HarmonyOne featuring protocol-owned liquidity‚úä
Inspired by the Olympus DAO
https://t.co/WNExEystbw
https://t.co/XshAWi2hzA",6198,1452749248831819781,RVRSProtocol,62,"{'url': {'urls': [{'url': 'https://t.co/1R0wiISboz', 'expanded_url': 'https://app.reverseprotocol.one/', 'display_url': 'app.reverseprotocol.one', 'indices': [0, 23]}]}, 'description': {'urls': [{'url': 'https://t.co/WNExEystbw', 'expanded_url': 'http://discord.gg/qsgRSpDPQq', 'display_url': 'discord.gg/qsgRSpDPQq', 'indices': [114, 137]}, {'url': 'https://t.co/XshAWi2hzA', 'expanded_url': 'http://reverse.gitbook.io/docs/', 'display_url': 'reverse.gitbook.io/docs/', 'indices': [138, 161]}]}}",99,Harmony Blockchain,https://t.co/1R0wiISboz,False,1.0
20663,20663,Omicron DAO,2021-10-25 16:42:13+00:00,"$OMIC is a decentralized currency protocol built on @Arbitrum.

Join: https://t.co/bGdBExyIGU",1258,1452676858437320704,OmicDAO,30,"{'url': {'urls': [{'url': 'https://t.co/nNpQ747toE', 'expanded_url': 'http://linktr.ee/omicdao', 'display_url': 'linktr.ee/omicdao', 'indices': [0, 23]}]}, 'description': {'urls': [{'url': 'https://t.co/bGdBExyIGU', 'expanded_url': 'http://discord.gg/EAdCtsRTxs', 'display_url': 'discord.gg/EAdCtsRTxs', 'indices': [70, 93]}]}}",3,Arbitrum,https://t.co/nNpQ747toE,False,1.0
13945,13945,"FuegoDAO (üî•,üî•)",2021-10-04 23:31:16+00:00,"Introducing $FUEGO - a decentralized treasury management & smart lock protocol on Ethereum & Fantom blockchain.
Join Discord üî• https://t.co/VCZd3HpC5f",1490,1445169646865375232,FuegoDAO,1,"{'url': {'urls': [{'url': 'https://t.co/2oxMV0rOI5', 'expanded_url': 'https://fuegodao.finance/', 'display_url': 'fuegodao.finance', 'indices': [0, 23]}]}, 'description': {'urls': [{'url': 'https://t.co/VCZd3HpC5f', 'expanded_url': 'http://discord.gg/ErhGumHG87', 'display_url': 'discord.gg/ErhGumHG87', 'indices': [127, 150]}]}}",22,Ethereum & Fantom,https://t.co/2oxMV0rOI5,False,1.0
20530,20530,ùî°ùî¶ùî≥ùî¶ùî´ùî¢ ùî°ùîûùî¨,2021-09-02 01:29:19+00:00,A DAO for @LootProject. Enter the Gateway and ascend to the Divine City here: https://t.co/LoVcPIFVMW,1782,1433240523809058824,divine_dao,485,"{'url': {'urls': [{'url': 'https://t.co/LoVcPIFVMW', 'expanded_url': 'http://divinedao.com', 'display_url': 'divinedao.com', 'indices': [0, 23]}]}, 'description': {'urls': [{'url': 'https://t.co/LoVcPIFVMW', 'expanded_url': 'http://divinedao.com', 'display_url': 'divinedao.com', 'indices': [78, 101]}]}}",33,the Divine City,https://t.co/LoVcPIFVMW,False,1.0
20527,20527,Atocha Protocol,2021-07-04 00:52:44+00:00,A decentralized puzzle game protocol built on @oct_network @NEARProtocol #atochapuzzlecreator #web3puzzlegame DC: https://t.co/GfUajwvFEr TG: https://t.co/nEylu4hTPT,995,1411488045237366791,AtochaProtocol,2320,"{'url': {'urls': [{'url': 'https://t.co/gDSaSV3W2P', 'expanded_url': 'http://atocha.io', 'display_url': 'atocha.io', 'indices': [0, 23]}]}, 'description': {'urls': [{'url': 'https://t.co/GfUajwvFEr', 'expanded_url': 'http://discord.gg/UJN6EJEE4E', 'display_url': 'discord.gg/UJN6EJEE4E', 'indices': [114, 137]}, {'url': 'https://t.co/nEylu4hTPT', 'expanded_url': 'http://t.me/atochacommunity', 'display_url': 't.me/atochacommunity', 'indices': [142, 165]}]}}",277,Metaverse,https://t.co/gDSaSV3W2P,False,1.0
1424,1424,House of Kek,2021-11-09 21:25:26+00:00,"House of Kek from @romedaofinance. keep it a'hunnid, no cap. sheesh.",2782,1458183909087141888,houseofkek,710,{'description': {'urls': []}},112,,,False,1.0
20259,20259,ChaosDAO ‚òØÔ∏è,2021-07-15 18:30:06+00:00,A multi-ape protocol.,3039,1415740416205467653,ChaosDAO,961,{'description': {'urls': []}},106,Kusama,,False,1.0
20135,20135,Noadz ‚åê‚ó®-‚ó®,2021-11-16 20:08:22+00:00,@nounsdao + @cryptoadznft = Noadz. Just art. Just vibes. Just memes. No roadmaps. No DAO. No utility. Drops through games/raffles/contests.,3089,1460701007407583233,thenoadz,11383,"{'url': {'urls': [{'url': 'https://t.co/cSRxRM8LPQ', 'expanded_url': 'https://opensea.io/collection/noadz', 'display_url': 'opensea.io/collection/noa‚Ä¶', 'indices': [0, 23]}]}, 'description': {'urls': []}}",1235,Grempland,https://t.co/cSRxRM8LPQ,False,1.0
1472,1472,"GrailersDAO (üèÜ,üèÜ)",2021-10-16 21:34:05+00:00,Community focused DAO collecting the finest generative art from the finest generative artists. Grailers NFTs serve as DAO governance votes.,2219,1449488796467277825,GrailersDAO,756,"{'url': {'urls': [{'url': 'https://t.co/5F9DBmcjAe', 'expanded_url': 'https://linktr.ee/grailersdao', 'display_url': 'linktr.ee/grailersdao', 'indices': [0, 23]}]}, 'description': {'urls': []}}",235,,https://t.co/5F9DBmcjAe,False,1.0
19594,19594,KLutch,2021-09-04 02:56:28+00:00,Amateur Crypto Trader and Fine NFT Collector  @Tungsten_DAO,1054,1433987175310245889,KLutch_NFT,2486,"{'url': {'urls': [{'url': 'https://t.co/nl3fpC12ds', 'expanded_url': 'https://opensea.io/accounts/0xcf04c33bfea64cf5dd6ea97e2d5620f825b03b49', 'display_url': 'opensea.io/accounts/0xcf0‚Ä¶', 'indices': [0, 23]}]}, 'description': {'urls': []}}",666,"Arizona, USA",https://t.co/nl3fpC12ds,False,1.0
1806,1806,Howl Finance,2021-06-06 03:12:38+00:00,"The collateralized NFT-loan protocol, building on Solana. 
https://t.co/nmrWI492T8",1868,1401376392957231109,HowlFinance,275,"{'description': {'urls': [{'url': 'https://t.co/nmrWI492T8', 'expanded_url': 'https://howlfinance.medium.com/hello-solana-f4689b50277d', 'display_url': 'howlfinance.medium.com/hello-solana-f‚Ä¶', 'indices': [59, 82]}]}}",376,Solana,,False,1.0
19429,19429,"RayW(3,3)",2021-07-17 14:20:59+00:00,#ÈÅÅÂÖ•Á©∫Èó®  #ËÇùDAOÂ§´ Crypto / Skin in the Game / Shitposting Apprentice / Gandalf,4393,1416402513117417475,ruiRay6,447,{'description': {'urls': []}},790,,,False,1.0
19371,19371,Bribe,2021-06-15 00:28:06+00:00,Revolutionizing dGov by incentivizing protocol participation üçØ  Discord:  https://t.co/YbBOBiEcSv,1021,1404596084408786944,BribeProtocol,53,"{'url': {'urls': [{'url': 'https://t.co/2EowRO41G9', 'expanded_url': 'http://bribe.xyz', 'display_url': 'bribe.xyz', 'indices': [0, 23]}]}, 'description': {'urls': [{'url': 'https://t.co/YbBOBiEcSv', 'expanded_url': 'http://discord.gg/Aej8cqp7bF', 'display_url': 'discord.gg/Aej8cqp7bF', 'indices': [74, 97]}]}}",20,,https://t.co/2EowRO41G9,False,1.0
19323,19323,EtherMage,2021-08-21 21:22:53+00:00,Building @pathDAO,1124,1429192255277989892,ethermage,1010,"{'url': {'urls': [{'url': 'https://t.co/MiXg9R4q5a', 'expanded_url': 'http://pathdao.io', 'display_url': 'pathdao.io', 'indices': [0, 23]}]}, 'description': {'urls': []}}",494,,https://t.co/MiXg9R4q5a,False,1.0
19223,19223,izgnzlz.eth,2021-06-18 17:46:25+00:00,COO @poapxyz üì¨: isabel@poap.io,3113,1405944969630826501,izgnzlz,2951,"{'url': {'urls': [{'url': 'https://t.co/ekFu9nPpBO', 'expanded_url': 'http://drop.morningdrop.xyz', 'display_url': 'drop.morningdrop.xyz', 'indices': [0, 23]}]}, 'description': {'urls': []}}",918,"New York, NY",https://t.co/ekFu9nPpBO,False,1.0
18843,18843,nahfungiblebones,2021-09-16 17:50:25+00:00,"First of its kind animated & swappable displayed image NFT series
Buy on Opensea: https://t.co/hoFMdVQH3p
Discord:https://t.co/vDAJKvFRdu
Created by: @HeyTVM",4709,1438560746678493184,nahfungiblebone,2021,"{'url': {'urls': [{'url': 'https://t.co/kiZD0rsC2G', 'expanded_url': 'https://nahfungiblebones.com', 'display_url': 'nahfungiblebones.com', 'indices': [0, 23]}]}, 'description': {'urls': [{'url': 'https://t.co/hoFMdVQH3p', 'expanded_url': 'http://tiny.one/nfbones', 'display_url': 'tiny.one/nfbones', 'indices': [82, 105]}, {'url': 'https://t.co/vDAJKvFRdu', 'expanded_url': 'http://discord.gg/nahfungiblebones', 'display_url': 'discord.gg/nahfungiblebon‚Ä¶', 'indices': [114, 137]}]}}",341,"ILM,NC",https://t.co/kiZD0rsC2G,False,1.0
1815,1815,tokebase,2021-08-31 20:51:38+00:00,Tokebase \\ TOKEMAK HQ \\ https://t.co/hchBrQljqM \\ https://t.co/nF2HdnPdSv,879,1432808305324294150,tokebase,111,"{'url': {'urls': [{'url': 'https://t.co/zygTm2jylg', 'expanded_url': 'https://tokemak.com', 'display_url': 'tokemak.com', 'indices': [0, 23]}]}, 'description': {'urls': [{'url': 'https://t.co/hchBrQljqM', 'expanded_url': 'http://tokemak.net', 'display_url': 'tokemak.net', 'indices': [26, 49]}, {'url': 'https://t.co/nF2HdnPdSv', 'expanded_url': 'http://tokebase.org', 'display_url': 'tokebase.org', 'indices': [53, 76]}]}}",48,The C.O.R.E.,https://t.co/zygTm2jylg,False,1.0
13950,13950,metaCOLLECTIVE ‚óé DAO,2021-08-28 17:00:31+00:00,metaCOLLECTIVE is an investment DAO on Solana backing creators and projects in the Metaverse allowing anybody to own multiple assets with a single token $META,1396,1431661749367889922,_metaCollective,116,"{'url': {'urls': [{'url': 'https://t.co/KvvbVIF6pb', 'expanded_url': 'https://meta-collective.digital/', 'display_url': 'meta-collective.digital', 'indices': [0, 23]}]}, 'description': {'urls': []}}",462,Metaverse,https://t.co/KvvbVIF6pb,False,1.0
13706,13706,0xkydo.eth,2021-08-23 08:42:07+00:00,"Researching crypto and meme | Ex. Analyst @traderjoe_xyz, consultant @WHO | @StanfordMed",1581,1429725410003062785,0xkydo,341,{'description': {'urls': []}},400,web360,,False,1.0
13788,13788,Gio.eth ü¶áüîä | üßù‚Äç‚ôÄÔ∏èüèπü™Éüßù‚Äç‚ôÇÔ∏è,2021-07-10 16:57:56+00:00,@TriforceDAO üßù‚Äç‚ôÄÔ∏èüèπü™Éüßù‚Äç‚ôÇÔ∏è. eth ops/grants @PoolTogether_. ethstaker. collecting https://t.co/ITpr8q5LIR. lp daoing @nowdaoit @opolis @themetafactory,1169,1413905232149549064,gio_eth,4007,"{'url': {'urls': [{'url': 'https://t.co/k82jKL1K0z', 'expanded_url': 'http://app.poap.xyz/scan/gio.eth', 'display_url': 'app.poap.xyz/scan/gio.eth', 'indices': [0, 23]}]}, 'description': {'urls': [{'url': 'https://t.co/ITpr8q5LIR', 'expanded_url': 'http://opensea.io/gio.eth', 'display_url': 'opensea.io/gio.eth', 'indices': [78, 101]}]}}",895,"New York, NY",https://t.co/k82jKL1K0z,False,1.0
8568,8568,"SharkPunks (69,69)",2021-10-05 09:49:15+00:00,"World's first, zero utility, negative value, collectible NFT sharks with total supply of 69,69 ü¶àüåàü§ñ
backed by @LevXDAOhGeez

#SHARKPUNKS",3451,1445325177848360961,SharkpunksNFT,94,"{'url': {'urls': [{'url': 'https://t.co/fnespLJerh', 'expanded_url': 'https://discord.gg/sharkpunks', 'display_url': 'discord.gg/sharkpunks', 'indices': [0, 23]}]}, 'description': {'urls': []}}",8,,https://t.co/fnespLJerh,False,1.0
9716,9716,RAW,2021-08-22 02:25:10+00:00,"The photography DAO. Incubated by @FingerprintsDAO | pfp: ""September 20: Set 1 #1"" by @Carlo_VandeRoer | header: ""God's People #75"" by @chadwicktyler",7078,1429268176731312128,theRAWdao,131,"{'url': {'urls': [{'url': 'https://t.co/8G0wxVUmzd', 'expanded_url': 'https://discord.com/invite/2rm3CXaM5G', 'display_url': 'discord.com/invite/2rm3CXa‚Ä¶', 'indices': [0, 23]}]}, 'description': {'urls': []}}",33,,https://t.co/8G0wxVUmzd,False,1.0
4975,4975,Trystan NFT,2021-08-30 17:45:12+00:00,"To things that make us happy! 

ART 3D/2D and PEPE üê∏üòä 

https://t.co/k0lBRyy1if",1026,1432397908691800065,TrystanNFT,1491,"{'description': {'urls': [{'url': 'https://t.co/k0lBRyy1if', 'expanded_url': 'http://foundation.app/@Trystan', 'display_url': 'foundation.app/@Trystan', 'indices': [56, 79]}]}}",751,,,False,1.0
9583,9583,Polygon Ecosystem DAO üíú,2021-11-10 18:06:45+00:00,Building on #Polygon? Visit üëâ https://t.co/tHEVd5acT4 | @0xPolygon's Official Ecosystem DAO handle,1003,1458496303080644619,0xPolygonDao,230,"{'url': {'urls': [{'url': 'https://t.co/Hjd5j9amJg', 'expanded_url': 'https://discord.gg/q4kCx37mkr', 'display_url': 'discord.gg/q4kCx37mkr', 'indices': [0, 23]}]}, 'description': {'urls': [{'url': 'https://t.co/tHEVd5acT4', 'expanded_url': 'http://linktr.ee/0xPolygonCares', 'display_url': 'linktr.ee/0xPolygonCares', 'indices': [30, 53]}]}}",121,0xPolygon,https://t.co/Hjd5j9amJg,False,1.0
9556,9556,SoupDAO,2021-10-30 23:29:30+00:00,"Community run, decentralized investment fund backed by $gOHM.

SoupDAO overtaking Berkshire soon.

Website: https://t.co/10P8fiZlGJ
Discord : https://t.co/kL2ttuM4a3",1101,1454590414992941060,SoupDAO,79,"{'description': {'urls': [{'url': 'https://t.co/10P8fiZlGJ', 'expanded_url': 'http://soupdao.org', 'display_url': 'soupdao.org', 'indices': [108, 131]}, {'url': 'https://t.co/kL2ttuM4a3', 'expanded_url': 'http://discord.gg/soupdao', 'display_url': 'discord.gg/soupdao', 'indices': [142, 165]}]}}",1,Noodle House,,False,1.0
9536,9536,MidasDAO,2021-11-10 12:39:58+00:00,"$CROWN is an OHM on steroids, with a steady flow of revenues from Metaverse, P2E gaming & interest bearing tokens https://t.co/HGgJp1MQbM
Available on #Avalanche",8552,1458413857945395200,Midas_DAO,58,"{'url': {'urls': [{'url': 'https://t.co/0g87HS2E5L', 'expanded_url': 'https://midasdao.org/', 'display_url': 'midasdao.org', 'indices': [0, 23]}]}, 'description': {'urls': [{'url': 'https://t.co/HGgJp1MQbM', 'expanded_url': 'http://discord.gg/midasdao', 'display_url': 'discord.gg/midasdao', 'indices': [114, 137]}]}}",22,"(üëë,üëë)",https://t.co/0g87HS2E5L,False,1.0
5198,5198,Trader Joe Internüî∫,2021-07-04 18:41:49+00:00,"Stats and Facts from the @traderjoe_xyz Intern 
Creator of the $HAT project
üê§",2294,1411757083524046849,traderjoeintern,192,"{'url': {'urls': [{'url': 'https://t.co/JkhRHLZBi2', 'expanded_url': 'https://www.traderjoexyz.com', 'display_url': 'traderjoexyz.com', 'indices': [0, 23]}]}, 'description': {'urls': []}}",52,,https://t.co/JkhRHLZBi2,False,1.0
9414,9414,Neptune Finance,2021-06-17 03:16:45+00:00,"Supporting @anchor_protocol
Collateralised loan based, algorithmically balanced, automated yield farming",9412,1405363535115276288,neptune_finance,201,"{'url': {'urls': [{'url': 'https://t.co/PikwJcVDud', 'expanded_url': 'https://discord.gg/3wVtFMv2nt', 'display_url': 'discord.gg/3wVtFMv2nt', 'indices': [0, 23]}]}, 'description': {'urls': []}}",49,,https://t.co/PikwJcVDud,False,1.0
9408,9408,Anons,2021-09-07 14:20:21+00:00,"1st @SecretNetwork PFP Collection
1st Private by Default NFT Collection
1st Proof of Ownership Chatroom in the Cosmos
Art. Community. DAO. 580. Rare.",9833,1435246536745791491,AnonsNFT,2708,"{'url': {'urls': [{'url': 'https://t.co/8kpASjoWfh', 'expanded_url': 'http://anons.army', 'display_url': 'anons.army', 'indices': [0, 23]}]}, 'description': {'urls': []}}",12,The Crowd,https://t.co/8kpASjoWfh,False,1.0
5244,5244,Fetch Ventures,2021-10-09 03:52:46+00:00,Venture DAO building the best crypto communities.,1493,1446684978373332995,FetchVentures,135,"{'url': {'urls': [{'url': 'https://t.co/80lX8Swb97', 'expanded_url': 'https://www.fetch.ventures', 'display_url': 'fetch.ventures', 'indices': [0, 23]}]}, 'description': {'urls': []}}",49,Your BF's House,https://t.co/80lX8Swb97,False,1.0
5541,5541,Psychedelic,2021-10-12 14:59:31+00:00,"A decentralized product studio and Web3 developer collective focused on building products & protocols on #Ethereum, #IPFS, #InternetComputer, #Starkware. üî•üëΩüî•",1793,1447939980702240775,psychedelicDAO,27,"{'url': {'urls': [{'url': 'https://t.co/Gc9dx2roSA', 'expanded_url': 'https://psychedelic.ooo/', 'display_url': 'psychedelic.ooo', 'indices': [0, 23]}]}, 'description': {'urls': []}}",9,discord.gg/psychedelic,https://t.co/Gc9dx2roSA,False,1.0
5723,5723,"Reality Chain, Ltd.",2021-10-22 09:21:39+00:00,"The multi-chain, multi-engine Metaverse-as-a-Service dApp.
Nakama of @UniqueOne_UO @ParasHQ @myriad_social.
Launching soon on a chain #NEAR you.",2330,1451478812072370183,realitychain,404,{'description': {'urls': []}},371,,,False,1.0
5730,5730,Pole Aggregator,2021-09-24 11:40:45+00:00,"Leveraged Yield Aggregator for @Solana
Discord: https://t.co/CDzeHTTBlO
Telegram: https://t.co/PqRLWHQCRr
Website: https://t.co/tIdH62p2V6",1184,1441366925787815944,Pole_Finance,70,"{'description': {'urls': [{'url': 'https://t.co/CDzeHTTBlO', 'expanded_url': 'http://discord.gg/RASngHfHhS', 'display_url': 'discord.gg/RASngHfHhS', 'indices': [48, 71]}, {'url': 'https://t.co/PqRLWHQCRr', 'expanded_url': 'http://t.me/polefinanceofficial', 'display_url': 't.me/polefinanceoff‚Ä¶', 'indices': [82, 105]}, {'url': 'https://t.co/tIdH62p2V6', 'expanded_url': 'http://pole.finance', 'display_url': 'pole.finance', 'indices': [115, 138]}]}}",28,Solana,,False,1.0
8660,8660,Minerva,2021-07-22 09:49:07+00:00,"Wine ownership in the real world, appreciating as NFTs on Terra.",2874,1418146047680032769,Minerva_NFT,941,"{'url': {'urls': [{'url': 'https://t.co/yYEYFF0WH4', 'expanded_url': 'https://docs.minerva.market/', 'display_url': 'docs.minerva.market', 'indices': [0, 23]}]}, 'description': {'urls': []}}",224,Terra,https://t.co/yYEYFF0WH4,False,1.0
8372,8372,Scarlett Zhang,2021-09-06 02:11:26+00:00,@binghelab Founder @bevc_io Founder ÔΩúhttps://t.co/2MXYocCr7C Co-founder,1890,1434700666157473796,xiaohangzhang7,73,"{'url': {'urls': [{'url': 'https://t.co/Au9Uw0BkP8', 'expanded_url': 'http://bevc.io', 'display_url': 'bevc.io', 'indices': [0, 23]}]}, 'description': {'urls': [{'url': 'https://t.co/2MXYocCr7C', 'expanded_url': 'http://Atpool.com', 'display_url': 'Atpool.com', 'indices': [37, 60]}]}}",314,,https://t.co/Au9Uw0BkP8,False,1.0
10050,10050,"Ape DAO (ü¶ç, ü¶ç) $OHM on Solana",2021-11-01 05:41:07+00:00,"$APE is a decentralized reserve currency protocol built on @solana, governed by the Œ± Council.

Œ±pes shall rise
(Œ±, Œ±)",855,1455047187788861442,ApeDAOalphalpha,18,{'description': {'urls': []}},33,$APE $SOL,,False,1.0
8225,8225,Tetu,2021-06-16 12:38:55+00:00,"Multichain Web3 asset management protocol with highest yield in DeFi‚ú®

Telegram: https://t.co/2QdWt1LMqx | Discord: https://t.co/jjFZajA0WE",2019,1405142811800911872,tetu_io,246,"{'url': {'urls': [{'url': 'https://t.co/wZxGnddw0h', 'expanded_url': 'https://app.tetu.io/', 'display_url': 'app.tetu.io', 'indices': [0, 23]}]}, 'description': {'urls': [{'url': 'https://t.co/2QdWt1LMqx', 'expanded_url': 'http://t.me/tetu_io', 'display_url': 't.me/tetu_io', 'indices': [81, 104]}, {'url': 'https://t.co/jjFZajA0WE', 'expanded_url': 'http://discord.gg/r6qQRmD6Ka', 'display_url': 'discord.gg/r6qQRmD6Ka', 'indices': [116, 139]}]}}",25,Get Highest APY in DeFi ‚Üí,https://t.co/wZxGnddw0h,False,1.0
8001,8001,OSRS Punks,2021-07-17 20:14:08+00:00,"‚öîÔ∏è A homage to OldSchool RuneScape and Cryptopunks.

‚öîÔ∏è 2007 OSRS Punks were made available through quests.

‚öîÔ∏è Join the discord: https://t.co/ge7rtjqzvj",3114,1416491363206672390,OsrsPunks,3427,"{'url': {'urls': [{'url': 'https://t.co/RHif4jXXKF', 'expanded_url': 'https://opensea.io/collection/osrs-punks', 'display_url': 'opensea.io/collection/osr‚Ä¶', 'indices': [0, 23]}]}, 'description': {'urls': [{'url': 'https://t.co/ge7rtjqzvj', 'expanded_url': 'https://discord.gg/osrspunks', 'display_url': 'discord.gg/osrspunks', 'indices': [130, 153]}]}}",98,Gielinor,https://t.co/RHif4jXXKF,False,1.0
7821,7821,Pathfinders,2021-08-11 21:10:27+00:00,The DAO for @rabbithole_gg,838,1425565201332645894,pathfinders_gg,91,"{'url': {'urls': [{'url': 'https://t.co/WsQrH13X2U', 'expanded_url': 'http://rabbithole.mirror.xyz', 'display_url': 'rabbithole.mirror.xyz', 'indices': [0, 23]}]}, 'description': {'urls': []}}",10,,https://t.co/WsQrH13X2U,False,1.0
7533,7533,PolyQuity ($PYQ),2021-06-08 15:34:00+00:00,"PolyQuity provides a decentralized borrowing protocol with interest-free loans, high capital efficiency on Polygon network.",2853,1402287694026182657,polyquity_org,131,"{'url': {'urls': [{'url': 'https://t.co/BC6GPaxWt9', 'expanded_url': 'https://app.polyquity.org', 'display_url': 'app.polyquity.org', 'indices': [0, 23]}]}, 'description': {'urls': []}}",87,Polygon,https://t.co/BC6GPaxWt9,False,1.0
7278,7278,SolarisProtocol,2021-06-07 15:57:14+00:00,"A lending/borrowing protocol bringing flashloans to Solana
Join us in discord https://t.co/YFnLnFCrOO  and telegram https://t.co/mfOKFqFpWX",1217,1401931218611023878,solarisprotocol,48,"{'url': {'urls': [{'url': 'https://t.co/EJiJbZmAgG', 'expanded_url': 'https://solarisprotocol.com/', 'display_url': 'solarisprotocol.com', 'indices': [0, 23]}]}, 'description': {'urls': [{'url': 'https://t.co/YFnLnFCrOO', 'expanded_url': 'https://discord.gg/pJh4TuuzEp', 'display_url': 'discord.gg/pJh4TuuzEp', 'indices': [78, 101]}, {'url': 'https://t.co/mfOKFqFpWX', 'expanded_url': 'https://t.me/SolarisProtocol', 'display_url': 't.me/SolarisProtocol', 'indices': [116, 139]}]}}",55,Solana,https://t.co/EJiJbZmAgG,False,1.0
6998,6998,Hiro LaunchDAO ‚òÄÔ∏èü¶Ä,2021-06-02 07:07:33+00:00,Hiro is the world's first meritocratic LaunchDAO that opens up passive venture funding to retail DeFi investors. We will fund and advise your launch on @Solana.,1322,1399985981059702786,HiroLaunchDAO,328,"{'url': {'urls': [{'url': 'https://t.co/2Wdy1FaMHy', 'expanded_url': 'http://discord.gg/pMhvYHyH59', 'display_url': 'discord.gg/pMhvYHyH59', 'indices': [0, 23]}]}, 'description': {'urls': []}}",266,www.hiro.finance,https://t.co/2Wdy1FaMHy,False,1.0
6907,6907,PatronJay.eth,2021-09-04 14:06:28+00:00,Head of Operations ‚Ä¢ Ready Scholar / Ready Player DAO,1873,1434155861308542981,ReadyPlayerJay,3130,{'description': {'urls': []}},163,,,False,1.0
6846,6846,Prismatic.fi,2021-07-02 09:25:37+00:00,On-chain Treasury Management for DAOs | Founded by @DeFiChick,890,1410892362105110528,PrismaticFi,237,"{'url': {'urls': [{'url': 'https://t.co/S5ucFTA0i1', 'expanded_url': 'http://www.prismatic.fi', 'display_url': 'prismatic.fi', 'indices': [0, 23]}]}, 'description': {'urls': []}}",273,Australia,https://t.co/S5ucFTA0i1,False,1.0
6798,6798,"fritten.eth (ü™Ñ,üß†)",2021-08-22 14:21:28+00:00,@Treasur_NFT Evangelist & Moderator. Co-Founder of @Clocksnatcher DAO. $MAGIC will rule the Metaverse.,3107,1429448423011504128,cryptopantone,2239,{'description': {'urls': []}},1854,Future,,False,1.0
6420,6420,Arable Protocol,2021-08-29 14:38:51+00:00,"The first decentralized synthetic farming protocol, building single-chain farming experience for any assets in the crypto ecosystem. https://t.co/OmB0Sn1iay",3603,1431989528630157317,ArableProtocol,34,"{'url': {'urls': [{'url': 'https://t.co/tiG64kRUKL', 'expanded_url': 'https://arablefi.com', 'display_url': 'arablefi.com', 'indices': [0, 23]}]}, 'description': {'urls': [{'url': 'https://t.co/OmB0Sn1iay', 'expanded_url': 'http://linktr.ee/arable_protocol', 'display_url': 'linktr.ee/arable_protocol', 'indices': [133, 156]}]}}",10,Avalanche,https://t.co/tiG64kRUKL,False,1.0
5731,5731,O2DAO,2021-11-01 05:07:38+00:00,A decentralized treasury-backed currency protocol on #Avalanche that is backed by OHM. $OTWO is backed by $OHM. Join Discord https://t.co/kVA07cOrYp,4007,1455038584310751240,0xO2DAO,151,"{'url': {'urls': [{'url': 'https://t.co/p1Rdz3HsZ1', 'expanded_url': 'https://otwodao.com/', 'display_url': 'otwodao.com', 'indices': [0, 23]}]}, 'description': {'urls': [{'url': 'https://t.co/kVA07cOrYp', 'expanded_url': 'https://discord.gg/U6crZYA7', 'display_url': 'discord.gg/U6crZYA7', 'indices': [125, 148]}]}}",4,,https://t.co/p1Rdz3HsZ1,False,1.0
5784,5784,"Sandwich DAO(ü•™,ü•™)",2021-12-29 16:50:23+00:00,"DAO for native web3 users, DEX lovers, Frontrun Haters, especially sandwich attack victims. Discord https://t.co/yvBXOaRnB7  Claim below!!",2438,1476234001484374018,sandwichdao,2,"{'url': {'urls': [{'url': 'https://t.co/gjASjy0Zdt', 'expanded_url': 'http://sandwichdao.com', 'display_url': 'sandwichdao.com', 'indices': [0, 23]}]}, 'description': {'urls': [{'url': 'https://t.co/yvBXOaRnB7', 'expanded_url': 'http://discord.gg/zduSJ95A', 'display_url': 'discord.gg/zduSJ95A', 'indices': [100, 123]}]}}",63,"(ü•™,ü•™)",https://t.co/gjASjy0Zdt,False,1.0
6330,6330,Privacy & Scaling Explorations,2021-06-29 10:28:30+00:00,We work to bridge the gap between cutting-edge research in Zero-Knowledge Proofs and application development on Ethereum,1868,1409820375706394628,PrivacyScaling,15,"{'url': {'urls': [{'url': 'https://t.co/bENPj72kjo', 'expanded_url': 'https://medium.com/privacy-scaling-explorations', 'display_url': 'medium.com/privacy-scalin‚Ä¶', 'indices': [0, 23]}]}, 'description': {'urls': []}}",8,,https://t.co/bENPj72kjo,False,1.0
9902,9902,Polemos,2021-11-08 13:18:30+00:00,"The Polemos DAO is a #GameFi platform that's the world's first #decentralized combination of a marketplace, guild, and educational hub. Join: https://t.co/n7c6KGRrJN",1556,1457698641968259073,polemos_io,134,"{'url': {'urls': [{'url': 'https://t.co/SiOarxtBgA', 'expanded_url': 'http://polemos.io', 'display_url': 'polemos.io', 'indices': [0, 23]}]}, 'description': {'urls': [{'url': 'https://t.co/n7c6KGRrJN', 'expanded_url': 'http://discord.gg/polemos', 'display_url': 'discord.gg/polemos', 'indices': [142, 165]}]}}",19,,https://t.co/SiOarxtBgA,False,1.0
10134,10134,"Cedarwood Theorum (-œÄ, œÄ)",2021-11-06 12:46:35+00:00,"Founder - DonkeyDAO, an experiment in niche microeconomics and narrative cocreation. Some promote L2, some treasureNFT, We only follow 1 Treasure NFT: Donkey",1169,1456966056979808257,TheoremCedars,7901,{'description': {'urls': []}},2123,,,False,1.0
13730,13730,HoneyLemon üçØüçã,2021-12-02 10:55:03+00:00,"Borrowing & Lending protocol mixing on #BobaNetwork's üßã

Coming soon üêù !!

Telegramüì±: https://t.co/NaqA22eZDF
Discord üíª: https://t.co/QQKjuKmzFR",1228,1466360181676118019,HoneyLemon_fi,363,"{'description': {'urls': [{'url': 'https://t.co/NaqA22eZDF', 'expanded_url': 'http://t.me/HoneyLemon_Fi', 'display_url': 't.me/HoneyLemon_Fi', 'indices': [86, 109]}, {'url': 'https://t.co/QQKjuKmzFR', 'expanded_url': 'http://discord.gg/rqMrBwttKB', 'display_url': 'discord.gg/rqMrBwttKB', 'indices': [121, 144]}]}}",48,Summer Cafe ‚òÄÔ∏è,,False,1.0
3885,3885,WagmiDAO,2021-10-05 10:26:15+00:00,WagmiDAO is the first multichain Reserve-backed Decentralized Exchange (RDEX). It's focused on growing its own Treasury and the value of the native token.,1861,1445334347117174787,WagmiDAO_,77,"{'url': {'urls': [{'url': 'https://t.co/WOkZE9zdV9', 'expanded_url': 'https://wagmidao.io/', 'display_url': 'wagmidao.io', 'indices': [0, 23]}]}, 'description': {'urls': []}}",0,TG: https://t.me/WagmiDAO,https://t.co/WOkZE9zdV9,False,1.0
5786,5786,Neku Finance,2021-09-23 09:43:20+00:00,"Neku Finance is a decentralized and multi-chain lending protocol on BSC, Arbitrum and Moonriver Network",1779,1440975004741427203,NekuFinance,23,"{'url': {'urls': [{'url': 'https://t.co/gTdsID9WIn', 'expanded_url': 'https://neku.io/', 'display_url': 'neku.io', 'indices': [0, 23]}]}, 'description': {'urls': []}}",150,,https://t.co/gTdsID9WIn,False,1.0
3492,3492,"Nova DAO (üõ∏,üõ∏)",2021-11-24 16:14:58+00:00,Decentralized reserve currency @Cosmos #NovaDAO #savethecosmos https://t.co/KG9hkxAcEm $OHM,4752,1463541607404294165,NovaDaoFinance,1593,"{'url': {'urls': [{'url': 'https://t.co/eKRO7ezVlv', 'expanded_url': 'https://linktr.ee/novadao', 'display_url': 'linktr.ee/novadao', 'indices': [0, 23]}]}, 'description': {'urls': [{'url': 'https://t.co/KG9hkxAcEm', 'expanded_url': 'http://discord.gg/novadao', 'display_url': 'discord.gg/novadao', 'indices': [63, 86]}]}}",10,Cosmos,https://t.co/eKRO7ezVlv,False,1.0
13498,13498,richerd3DAO.eth,2021-08-25 05:54:55+00:00,richerd3DAO,3114,1430408054189674498,richerd3DAO,5,{'description': {'urls': []}},7,metaverse,,False,1.0
13493,13493,Happy Gaj,2021-09-12 15:22:31+00:00,Happy Gaj is here to make you truly happy. Mint now: https://t.co/6UKfbGv0E8. Join Discord: https://t.co/kBnZ9T6FxO,2950,1437074091500982273,HappyGaj,740,"{'url': {'urls': [{'url': 'https://t.co/wiXv52BJD9', 'expanded_url': 'http://happygaj.com', 'display_url': 'happygaj.com', 'indices': [0, 23]}]}, 'description': {'urls': [{'url': 'https://t.co/6UKfbGv0E8', 'expanded_url': 'http://mint.happygaj.com/public', 'display_url': 'mint.happygaj.com/public', 'indices': [53, 76]}, {'url': 'https://t.co/kBnZ9T6FxO', 'expanded_url': 'http://discord.gg/GjURGvEgbN', 'display_url': 'discord.gg/GjURGvEgbN', 'indices': [92, 115]}]}}",80,Happy Town,https://t.co/wiXv52BJD9,False,1.0
13446,13446,"Harmony Dao (‚ô´, ‚ô´)",2021-11-19 11:35:14+00:00,$HMY is a decentralized reserve currency that remains unbound by an bandmaster. Solving liquidity ownership. Soon available on #Avalanche.,848,1461659146558877699,harmony_dao,0,"{'url': {'urls': [{'url': 'https://t.co/p8LdLyB5it', 'expanded_url': 'https://discord.gg/harmonydao', 'display_url': 'discord.gg/harmonydao', 'indices': [0, 23]}]}, 'description': {'urls': []}}",1,,https://t.co/p8LdLyB5it,False,1.0
13340,13340,Firefly Foundation,2021-07-26 01:19:00+00:00,Catalyzing adoption and growth guided by the community. @fireflyprotocol,3922,1419467171030343680,FireflyFdn,2,"{'url': {'urls': [{'url': 'https://t.co/v27NvDGgH9', 'expanded_url': 'http://firefly.exchange', 'display_url': 'firefly.exchange', 'indices': [0, 23]}]}, 'description': {'urls': []}}",1,Toronto,https://t.co/v27NvDGgH9,False,1.0
13284,13284,ClocksnatcherDAO,2021-11-30 02:12:01+00:00,ClocksnatcherDAO is the first and biggest guild and sub-DAO of the @Treasure_NFT gigaverse,1170,1465503758385885187,clocksnatcher,43,{'description': {'urls': []}},89,Gigaverse,,False,1.0
3513,3513,Ouranos,2021-11-18 08:56:56+00:00,"Fork of $OHM $TIME on #cronoschain #Cronos

Father of all DAO's",828,1461256985068900355,OuranosDAO,3,{'description': {'urls': []}},1,,,False,1.0
13129,13129,NoahArkDAO,2021-12-02 09:34:28+00:00,"NoahArkDAO is a fork of Olympus on multi-chain, starting from Avalanche.
Designed to provide backup for Game-Fi crypto with stablecoins and Proof of Liquidity.",2468,1466339845203132423,NoahArkDAO,0,"{'url': {'urls': [{'url': 'https://t.co/QzIc044Y8c', 'expanded_url': 'http://noahark.money', 'display_url': 'noahark.money', 'indices': [0, 23]}]}, 'description': {'urls': []}}",1,,https://t.co/QzIc044Y8c,False,1.0
13023,13023,"$CHEST | Stake, Wait, Earn (üí∞,üí∞)",2021-11-16 17:54:16+00:00,"@solana's premiere passive Yield Booster and Strategy Earnings 

DeFi protocol. Stake, Wait and Earn boosted yield.

LIVE on Mainnet.

Join: https://t.co/5XQrayuWQ0",3960,1460667457715253260,chestfinance,192,"{'url': {'urls': [{'url': 'https://t.co/aUIDTtyjCv', 'expanded_url': 'https://www.chest.fi/', 'display_url': 'chest.fi', 'indices': [0, 23]}]}, 'description': {'urls': [{'url': 'https://t.co/5XQrayuWQ0', 'expanded_url': 'http://discord.gg/chest', 'display_url': 'discord.gg/chest', 'indices': [141, 164]}]}}",173,,https://t.co/aUIDTtyjCv,False,1.0
3671,3671,"PerfectDAO (üåï, üåï)",2021-11-24 17:08:19+00:00,"Decentralised reserve currency protocol driven by community on #POLYGON. $PER (üåï, üåï)
discord coming soon..",1680,1463555058566455296,PerfectDAO,1,{'description': {'urls': []}},6,,,False,1.0
12921,12921,gardens,2021-07-30 22:32:48+00:00,"Gardens are composable, sufficiently decentralized, and self-improving DAOs, limited only by your collective imagination - from the @1hiveorg ecosystem üêù",816,1421237328719360010,gardensdao,116,"{'url': {'urls': [{'url': 'https://t.co/sOjlrFDm0p', 'expanded_url': 'https://1hive.org/gardens', 'display_url': '1hive.org/gardens', 'indices': [0, 23]}]}, 'description': {'urls': []}}",10,,https://t.co/sOjlrFDm0p,False,1.0
3882,3882,"AstroDAO (üîÆ,üîÆ)",2021-06-25 16:06:15+00:00,Launch your DAO in less than 10 minutes without a line of code. Powered by @SputnikDAO and @NEARProtocol.,1899,1408456262522707972,AstroDao,443,"{'url': {'urls': [{'url': 'https://t.co/8ITu9b7LCn', 'expanded_url': 'http://AstroDAO.com', 'display_url': 'AstroDAO.com', 'indices': [0, 23]}]}, 'description': {'urls': []}}",276,,https://t.co/8ITu9b7LCn,False,1.0
12637,12637,Holiday,2021-07-17 12:17:33+00:00,"Founder at @ImmaDegen /
MDAO Founders #145 @MeebitsDAO /
Punk #3323 /",3405,1416371339406057475,0xHoliday,2116,"{'url': {'urls': [{'url': 'https://t.co/zhSo9m4i8G', 'expanded_url': 'https://discord.gg/3cc4zNwQ43', 'display_url': 'discord.gg/3cc4zNwQ43', 'indices': [0, 23]}]}, 'description': {'urls': []}}",263,http://immadegen.com,https://t.co/zhSo9m4i8G,False,1.0
10169,10169,Arrow Protocol üèπ,2021-10-30 06:53:02+00:00,"Arrow allows individuals, protocols, and DAOs on Solana to launch staking derivatives which redirect yield to a different address.",1186,1454340520243707913,ArrowProtocol,42,"{'url': {'urls': [{'url': 'https://t.co/8XIXWwsiWl', 'expanded_url': 'https://arrowprotocol.com', 'display_url': 'arrowprotocol.com', 'indices': [0, 23]}]}, 'description': {'urls': []}}",39,The Arrowverse,https://t.co/8XIXWwsiWl,False,1.0
12420,12420,sol.vanilla üî∫,2021-08-22 01:49:43+00:00,"A happy investor at @FTX_Official. Doing experiment in different platforms. Do your own research, because I did my own research. Not investment advice.",1893,1429259406772817921,vanilla_sol,3770,"{'url': {'urls': [{'url': 'https://t.co/zYrUTcqg6j', 'expanded_url': 'https://oncyber.io/vanilla', 'display_url': 'oncyber.io/vanilla', 'indices': [0, 23]}]}, 'description': {'urls': []}}",515,,https://t.co/zYrUTcqg6j,False,1.0
4506,4506,"dYdX Intern (ü¶î,ü¶î)",2021-09-28 16:58:09+00:00,"Unofficial Intern @dydxprotocol. Memes/News/Trading/dYdX/WAGMI. 
Turn on post notifs.
ü¶î friendly https://t.co/3dH76n1Kqa",1599,1442896385360031746,dYdX_Intern,579,"{'description': {'urls': [{'url': 'https://t.co/3dH76n1Kqa', 'expanded_url': 'http://discord.gg/invite/dydx', 'display_url': 'discord.gg/invite/dydx', 'indices': [97, 120]}]}}",64,StarkNet,,False,1.0
4510,4510,Carbon,2021-06-09 02:40:03+00:00,Carbon is a Layer 2 cross-chain decentralized protocol that powers anything DeFi $SWTH,2566,1402455378369998851,0xcarbon,79,"{'url': {'urls': [{'url': 'https://t.co/iJxgC1UtCS', 'expanded_url': 'https://carbon.network/', 'display_url': 'carbon.network', 'indices': [0, 23]}]}, 'description': {'urls': []}}",36,,https://t.co/iJxgC1UtCS,False,1.0
12320,12320,"OrcaDAO üî∫(üêÉ, üêã)",2021-07-29 19:03:35+00:00,"TBL-focused protocol providing 0% interest Lending, Farming, and collateralized production of native Stablecoin AVAI for the #AVAX ecosystem 

https://t.co/IwQ7f6Cxsk",4871,1420822190040096768,OrcaDAO,1955,"{'url': {'urls': [{'url': 'https://t.co/w5aD1iJEil', 'expanded_url': 'http://avai.finance', 'display_url': 'avai.finance', 'indices': [0, 23]}]}, 'description': {'urls': [{'url': 'https://t.co/IwQ7f6Cxsk', 'expanded_url': 'http://app.avai.finance', 'display_url': 'app.avai.finance', 'indices': [143, 166]}]}}",234,#AVAX,https://t.co/w5aD1iJEil,False,1.0
4564,4564,TungstenDAO,2021-10-23 06:26:53+00:00,We like the density. Submit original memes via DM. Memes must feature TungstenDAO treasury assets for consideration: https://t.co/C86R4l8Wz3,4817,1451796450220838912,Tungsten_DAO,4409,"{'url': {'urls': [{'url': 'https://t.co/4YNzwfBCVQ', 'expanded_url': 'https://foundation.app/@TungstenDAO', 'display_url': 'foundation.app/@TungstenDAO', 'indices': [0, 23]}]}, 'description': {'urls': [{'url': 'https://t.co/C86R4l8Wz3', 'expanded_url': 'https://opensea.io/TungstenDAO', 'display_url': 'opensea.io/TungstenDAO', 'indices': [117, 140]}]}}",427,,https://t.co/4YNzwfBCVQ,False,1.0
11877,11877,YouMinter,2021-10-12 08:53:58+00:00,A social network in easy-to-use iOS and Android app that opens up the world of NFT to everyone and which is owned by its users. #passioneconomy #NFT,8811,1447847945106251778,youminter,27,"{'url': {'urls': [{'url': 'https://t.co/4vdSH40abE', 'expanded_url': 'https://youminter.com/', 'display_url': 'youminter.com', 'indices': [0, 23]}]}, 'description': {'urls': []}}",156,,https://t.co/4vdSH40abE,False,1.0
11855,11855,Sihyeok | Stanford | ÂøóÁøä,2021-08-06 18:00:51+00:00,Head of Research @terra_money @mirror_protocol üåñ ‡ºÑ ex: @Princeton Mathematics üêÖ | quant hf rt ‡ºÑ Why work for alpha when you can make more leveraging beta?,4444,1423705606196584451,ysihyeok,2463,{'description': {'urls': []}},1008,ü©∏üíß,,False,1.0
11713,11713,Terabethia,2021-12-01 19:13:28+00:00,Terabethia is a bridge protocol between Ethereum and the Internet Computer üåâ Part of @psychedelicDAO üëΩ,1244,1466123199326916621,Terabethia_,10,"{'url': {'urls': [{'url': 'https://t.co/03wX4NsnXH', 'expanded_url': 'https://terabethia.ooo/', 'display_url': 'terabethia.ooo', 'indices': [0, 23]}]}, 'description': {'urls': []}}",1,https://discord.gg/yVEcEzmrgm,https://t.co/03wX4NsnXH,False,1.0
11706,11706,"KratosDAO (üëë,üëë)",2021-10-29 13:38:19+00:00,"(KratosDAO) is a Decentralized Reserve Currency on Optimism for the purposes of making investments into early-stage dapps.
https://t.co/yYefwh90EF",2681,1454079944573784070,KratosDao,7,"{'url': {'urls': [{'url': 'https://t.co/xQgplYJ77s', 'expanded_url': 'http://kratosdao.finance', 'display_url': 'kratosdao.finance', 'indices': [0, 23]}]}, 'description': {'urls': [{'url': 'https://t.co/yYefwh90EF', 'expanded_url': 'http://discord.gg/vZB3qMqw5A', 'display_url': 'discord.gg/vZB3qMqw5A', 'indices': [123, 146]}]}}",5,Optimism ,https://t.co/xQgplYJ77s,False,1.0
11697,11697,Tower Finance,2021-08-07 13:42:41+00:00,The first Fractional-algorithmic stablecoin protocol integrated DeFi 2.0 on @0xPolygon,9125,1424001530122801156,tower_finance,48,"{'url': {'urls': [{'url': 'https://t.co/tCIFXoLhDU', 'expanded_url': 'https://towerfinance.io/', 'display_url': 'towerfinance.io', 'indices': [0, 23]}]}, 'description': {'urls': []}}",60,Global,https://t.co/tCIFXoLhDU,False,1.0
11082,11082,üìøMaster of Mysteryüìø | ‚òÄÔ∏èTempleDAO‚òÄÔ∏è,2021-11-06 10:06:23+00:00,"Give me your tired, your degens, your huddled apes yearning to breathe free.

Vice Cheer Captain üì£ @FetchVentures
Manuka Honey Dealer üçØ @HoneyDAO_",1220,1456925360965095425,luxaverse,4,"{'url': {'urls': [{'url': 'https://t.co/gk06pvOP5G', 'expanded_url': 'http://echoingwhispers.link', 'display_url': 'echoingwhispers.link', 'indices': [0, 23]}]}, 'description': {'urls': []}}",21,‚õ© Hall of Scriptures ‚õ©,https://t.co/gk06pvOP5G,False,1.0
4896,4896,Sarah1of1,2021-11-09 03:06:23+00:00,Sarah | 26yrs | MAYC #2824 | BGK | Sappy Seals | Coffee & Anime Addict  | NFTs | Sarah1of1.eth,4209,1457907363302633535,sarah1of1,1552,"{'url': {'urls': [{'url': 'https://t.co/TQbsGDu3WH', 'expanded_url': 'https://opensea.io/Sarah1of1', 'display_url': 'opensea.io/Sarah1of1', 'indices': [0, 23]}]}, 'description': {'urls': []}}",1309,,https://t.co/TQbsGDu3WH,False,1.0
10352,10352,8ooniqcapital,2021-08-28 19:12:36+00:00,"Mr. Pengapple 3950. JPEG connoisseur . Bnt BancPlebe. 
Mayc #26897
https://t.co/QibbavtBIk
https://t.co/4vcuq5rYdH",1027,1431696174436831235,8iqcapital,2210,"{'description': {'urls': [{'url': 'https://t.co/QibbavtBIk', 'expanded_url': 'http://oncyber.io/diamondhands', 'display_url': 'oncyber.io/diamondhands', 'indices': [67, 90]}, {'url': 'https://t.co/4vcuq5rYdH', 'expanded_url': 'https://oncyber.io/pudgy', 'display_url': 'oncyber.io/pudgy', 'indices': [91, 114]}]}}",487,Soon,,False,1.0
11717,11717,Tethys Finance,2021-10-26 09:56:56+00:00,"Next-gen decentralized exchange protocol powered by $METIS üåø Andromeda (Layer2 Ethereum Rollup).

https://t.co/TCGreWVp6y",3031,1452937212845166611,tethysfinance,574,"{'url': {'urls': [{'url': 'https://t.co/yeLYp31CWU', 'expanded_url': 'https://tethys.finance', 'display_url': 'tethys.finance', 'indices': [0, 23]}]}, 'description': {'urls': [{'url': 'https://t.co/TCGreWVp6y', 'expanded_url': 'http://discord.gg/bmz6AnJW5p', 'display_url': 'discord.gg/bmz6AnJW5p', 'indices': [98, 121]}]}}",6,Andromeda,https://t.co/yeLYp31CWU,False,1.0
